experiment,agent,horizon,question_type,metric,mean_percent,sample_sd_percent,training_checkpoints
locomo,bounded_rag,,,diagnostic_exact_match,5.740181268882175,,0
locomo,bounded_rag,,,diagnostic_token_f1,15.319831581092647,,0
locomo,bounded_rag,,,locomo_official_qa_score,29.810644985868066,,0
locomo,lalm,,,diagnostic_exact_match,6.663309835515275,0.8870231797061978,3
locomo,lalm,,,diagnostic_token_f1,17.330132136674635,0.9119789142725359,3
locomo,lalm,,,locomo_official_qa_score,31.09121695621756,1.7681340946189235,3
locomo,lexical_only,,,diagnostic_exact_match,5.689828801611279,,0
locomo,lexical_only,,,diagnostic_token_f1,15.711918671596342,,0
locomo,lexical_only,,,locomo_official_qa_score,31.20277341752542,,0
locomo,pure_liquid,,,diagnostic_exact_match,1.3930849278281303,0.15382932846444575,3
locomo,pure_liquid,,,diagnostic_token_f1,3.3362580185209323,0.4883091110307316,3
locomo,pure_liquid,,,locomo_official_qa_score,8.13366058167302,6.050664713861339,3
locomo,rag,,,diagnostic_exact_match,6.445115810674723,,0
locomo,rag,,,diagnostic_token_f1,17.10492750370817,,0
locomo,rag,,,locomo_official_qa_score,31.40832262900077,,0
locomo,vanilla,,,diagnostic_exact_match,0.0,,0
locomo,vanilla,,,diagnostic_token_f1,0.39273038140107625,,0
locomo,vanilla,,,locomo_official_qa_score,22.822498819033385,,0
locomo,window,,,diagnostic_exact_match,1.4098690835850958,,0
locomo,window,,,diagnostic_token_f1,4.0526416360692865,,0
locomo,window,,,locomo_official_qa_score,23.383467815589583,,0
locomo_types,bounded_rag,,category-1,locomo_official_qa_score,12.833845607916267,,0
locomo_types,bounded_rag,,category-2,locomo_official_qa_score,18.812586913915,,0
locomo_types,bounded_rag,,category-3,locomo_official_qa_score,6.7662743966946035,,0
locomo_types,bounded_rag,,category-4,locomo_official_qa_score,24.49036116415243,,0
locomo_types,bounded_rag,,category-5,locomo_official_qa_score,63.45291479820629,,0
locomo_types,lalm,,category-1,locomo_official_qa_score,14.288742578886252,0.8611143040689471,3
locomo_types,lalm,,category-2,locomo_official_qa_score,19.03887440720866,1.167803710610993,3
locomo_types,lalm,,category-3,locomo_official_qa_score,5.776156574752742,1.911434669506647,3
locomo_types,lalm,,category-4,locomo_official_qa_score,27.9648138151945,2.61011662553984,3
locomo_types,lalm,,category-5,locomo_official_qa_score,61.73393124065769,3.365719058056111,3
locomo_types,lexical_only,,category-1,locomo_official_qa_score,13.745647057340335,,0
locomo_types,lexical_only,,category-2,locomo_official_qa_score,18.161782834680032,,0
locomo_types,lexical_only,,category-3,locomo_official_qa_score,6.083345553321044,,0
locomo_types,lexical_only,,category-4,locomo_official_qa_score,24.82580508202664,,0
locomo_types,lexical_only,,category-5,locomo_official_qa_score,69.05829596412556,,0
locomo_types,pure_liquid,,category-1,locomo_official_qa_score,4.7256850245230115,1.1108532709854149,3
locomo_types,pure_liquid,,category-2,locomo_official_qa_score,1.6476289373485637,0.2453694509996162,3
locomo_types,pure_liquid,,category-3,locomo_official_qa_score,17.992640000401437,2.1709730298300087,3
locomo_types,pure_liquid,,category-4,locomo_official_qa_score,3.7629303321756282,0.650862474590808,3
locomo_types,pure_liquid,,category-5,locomo_official_qa_score,21.076233183856502,27.58758827161977,3
locomo_types,rag,,category-1,locomo_official_qa_score,13.408267726067265,,0
locomo_types,rag,,category-2,locomo_official_qa_score,21.0237938447481,,0
locomo_types,rag,,category-3,locomo_official_qa_score,7.032226235426048,,0
locomo_types,rag,,category-4,locomo_official_qa_score,27.196273126848432,,0
locomo_types,rag,,category-5,locomo_official_qa_score,63.45291479820629,,0
locomo_types,vanilla,,category-1,locomo_official_qa_score,0.7092198581560284,,0
locomo_types,vanilla,,category-2,locomo_official_qa_score,0.1557632398753894,,0
locomo_types,vanilla,,category-3,locomo_official_qa_score,4.015444318753143,,0
locomo_types,vanilla,,category-4,locomo_official_qa_score,0.2259215219976219,,0
locomo_types,vanilla,,category-5,locomo_official_qa_score,99.77578475336323,,0
locomo_types,window,,category-1,locomo_official_qa_score,4.492636014186642,,0
locomo_types,window,,category-2,locomo_official_qa_score,3.807388527014695,,0
locomo_types,window,,category-3,locomo_official_qa_score,5.6702613381534945,,0
locomo_types,window,,category-4,locomo_official_qa_score,5.952588490042595,,0
locomo_types,window,,category-5,locomo_official_qa_score,86.09865470852019,,0
longmemeval,bounded_rag,,,diagnostic_exact_match,13.111111111111112,,0
longmemeval,bounded_rag,,,diagnostic_token_f1,19.114104387973665,,0
longmemeval,lalm,,,diagnostic_exact_match,12.444444444444445,0.9686442096757059,3
longmemeval,lalm,,,diagnostic_token_f1,19.231678786553548,1.7634816383402006,3
longmemeval,lexical_only,,,diagnostic_exact_match,12.222222222222221,,0
longmemeval,lexical_only,,,diagnostic_token_f1,18.559121650441494,,0
longmemeval,pure_liquid,,,diagnostic_exact_match,5.111111111111112,0.5879447357921309,3
longmemeval,pure_liquid,,,diagnostic_token_f1,8.327350323698877,0.6505866156741597,3
longmemeval,rag,,,diagnostic_exact_match,13.333333333333334,,0
longmemeval,rag,,,diagnostic_token_f1,19.534580117789098,,0
longmemeval,vanilla,,,diagnostic_exact_match,0.2222222222222222,,0
longmemeval,vanilla,,,diagnostic_token_f1,1.8519825131538763,,0
longmemeval,window,,,diagnostic_exact_match,0.0,,0
longmemeval,window,,,diagnostic_token_f1,7.452022150559388,,0
longmemeval_types,bounded_rag,,knowledge-update,diagnostic_exact_match,23.076923076923077,,0
longmemeval_types,bounded_rag,,knowledge-update,diagnostic_token_f1,33.90121012590648,,0
longmemeval_types,bounded_rag,,multi-session,diagnostic_exact_match,7.518796992481203,,0
longmemeval_types,bounded_rag,,multi-session,diagnostic_token_f1,10.225161607013275,,0
longmemeval_types,bounded_rag,,single-session-assistant,diagnostic_exact_match,33.92857142857143,,0
longmemeval_types,bounded_rag,,single-session-assistant,diagnostic_token_f1,47.85609857978279,,0
longmemeval_types,bounded_rag,,single-session-preference,diagnostic_exact_match,0.0,,0
longmemeval_types,bounded_rag,,single-session-preference,diagnostic_token_f1,4.322560955931083,,0
longmemeval_types,bounded_rag,,single-session-user,diagnostic_exact_match,20.0,,0
longmemeval_types,bounded_rag,,single-session-user,diagnostic_token_f1,24.452402415789145,,0
longmemeval_types,bounded_rag,,temporal-reasoning,diagnostic_exact_match,6.015037593984962,,0
longmemeval_types,bounded_rag,,temporal-reasoning,diagnostic_token_f1,9.762704462955842,,0
longmemeval_types,lalm,,knowledge-update,diagnostic_exact_match,20.085470085470085,2.6688025634181196,3
longmemeval_types,lalm,,knowledge-update,diagnostic_token_f1,30.713042642867205,3.62159453630517,3
longmemeval_types,lalm,,multi-session,diagnostic_exact_match,4.260651629072681,1.148515211768381,3
longmemeval_types,lalm,,multi-session,diagnostic_token_f1,7.018233233599582,1.0166652430957328,3
longmemeval_types,lalm,,single-session-assistant,diagnostic_exact_match,31.547619047619047,1.0309826235529058,3
longmemeval_types,lalm,,single-session-assistant,diagnostic_token_f1,44.858392729683324,1.9319629458700087,3
longmemeval_types,lalm,,single-session-preference,diagnostic_exact_match,0.0,0.0,3
longmemeval_types,lalm,,single-session-preference,diagnostic_token_f1,5.227302326250987,0.5172964379630133,3
longmemeval_types,lalm,,single-session-user,diagnostic_exact_match,45.0,0.0,3
longmemeval_types,lalm,,single-session-user,diagnostic_token_f1,55.80160876499549,1.9245008972987456,3
longmemeval_types,lalm,,temporal-reasoning,diagnostic_exact_match,6.015037593984962,1.3022938402773512,3
longmemeval_types,lalm,,temporal-reasoning,diagnostic_token_f1,11.581141878097785,2.3982253818702537,3
longmemeval_types,lexical_only,,knowledge-update,diagnostic_exact_match,21.794871794871796,,0
longmemeval_types,lexical_only,,knowledge-update,diagnostic_token_f1,34.10995437311227,,0
longmemeval_types,lexical_only,,multi-session,diagnostic_exact_match,7.518796992481203,,0
longmemeval_types,lexical_only,,multi-session,diagnostic_token_f1,9.703309030366178,,0
longmemeval_types,lexical_only,,single-session-assistant,diagnostic_exact_match,28.57142857142857,,0
longmemeval_types,lexical_only,,single-session-assistant,diagnostic_token_f1,41.35836367579789,,0
longmemeval_types,lexical_only,,single-session-preference,diagnostic_exact_match,0.0,,0
longmemeval_types,lexical_only,,single-session-preference,diagnostic_token_f1,3.8460084076409227,,0
longmemeval_types,lexical_only,,single-session-user,diagnostic_exact_match,30.0,,0
longmemeval_types,lexical_only,,single-session-user,diagnostic_token_f1,39.690497653884385,,0
longmemeval_types,lexical_only,,temporal-reasoning,diagnostic_exact_match,4.511278195488721,,0
longmemeval_types,lexical_only,,temporal-reasoning,diagnostic_token_f1,8.836313003049744,,0
longmemeval_types,pure_liquid,,knowledge-update,diagnostic_exact_match,2.564102564102564,0.0,3
longmemeval_types,pure_liquid,,knowledge-update,diagnostic_token_f1,5.855097693829137,0.6211750828596897,3
longmemeval_types,pure_liquid,,multi-session,diagnostic_exact_match,5.764411027568922,1.892189081521491,3
longmemeval_types,pure_liquid,,multi-session,diagnostic_token_f1,6.86477474071459,2.150459645783807,3
longmemeval_types,pure_liquid,,single-session-assistant,diagnostic_exact_match,6.547619047619048,6.271222471936154,3
longmemeval_types,pure_liquid,,single-session-assistant,diagnostic_token_f1,11.481511402868103,6.151954741536284,3
longmemeval_types,pure_liquid,,single-session-preference,diagnostic_exact_match,0.0,0.0,3
longmemeval_types,pure_liquid,,single-session-preference,diagnostic_token_f1,1.6612657630544543,1.1277244139377742,3
longmemeval_types,pure_liquid,,single-session-user,diagnostic_exact_match,1.6666666666666667,2.886751345948129,3
longmemeval_types,pure_liquid,,single-session-user,diagnostic_token_f1,2.9858302981872775,3.2126727517858353,3
longmemeval_types,pure_liquid,,temporal-reasoning,diagnostic_exact_match,7.017543859649122,1.148515211768381,3
longmemeval_types,pure_liquid,,temporal-reasoning,diagnostic_token_f1,12.218614794096148,1.7117279076759913,3
longmemeval_types,rag,,knowledge-update,diagnostic_exact_match,21.794871794871796,,0
longmemeval_types,rag,,knowledge-update,diagnostic_token_f1,32.683261407957765,,0
longmemeval_types,rag,,multi-session,diagnostic_exact_match,6.015037593984962,,0
longmemeval_types,rag,,multi-session,diagnostic_token_f1,7.342956093228814,,0
longmemeval_types,rag,,single-session-assistant,diagnostic_exact_match,41.07142857142857,,0
longmemeval_types,rag,,single-session-assistant,diagnostic_token_f1,55.42871095806744,,0
longmemeval_types,rag,,single-session-preference,diagnostic_exact_match,0.0,,0
longmemeval_types,rag,,single-session-preference,diagnostic_token_f1,4.611419078680036,,0
longmemeval_types,rag,,single-session-user,diagnostic_exact_match,20.0,,0
longmemeval_types,rag,,single-session-user,diagnostic_token_f1,24.452402415789145,,0
longmemeval_types,rag,,temporal-reasoning,diagnostic_exact_match,6.015037593984962,,0
longmemeval_types,rag,,temporal-reasoning,diagnostic_token_f1,11.528233597421014,,0
longmemeval_types,vanilla,,knowledge-update,diagnostic_exact_match,0.0,,0
longmemeval_types,vanilla,,knowledge-update,diagnostic_token_f1,0.8040935672514621,,0
longmemeval_types,vanilla,,multi-session,diagnostic_exact_match,0.0,,0
longmemeval_types,vanilla,,multi-session,diagnostic_token_f1,1.3480851950531427,,0
longmemeval_types,vanilla,,single-session-assistant,diagnostic_exact_match,0.0,,0
longmemeval_types,vanilla,,single-session-assistant,diagnostic_token_f1,0.9091237709658763,,0
longmemeval_types,vanilla,,single-session-preference,diagnostic_exact_match,0.0,,0
longmemeval_types,vanilla,,single-session-preference,diagnostic_token_f1,4.506513478779998,,0
longmemeval_types,vanilla,,single-session-user,diagnostic_exact_match,0.0,,0
longmemeval_types,vanilla,,single-session-user,diagnostic_token_f1,3.023830987217715,,0
longmemeval_types,vanilla,,temporal-reasoning,diagnostic_exact_match,0.7518796992481203,,0
longmemeval_types,vanilla,,temporal-reasoning,diagnostic_token_f1,2.5924401988700665,,0
longmemeval_types,window,,knowledge-update,diagnostic_exact_match,0.0,,0
longmemeval_types,window,,knowledge-update,diagnostic_token_f1,5.532201427801383,,0
longmemeval_types,window,,multi-session,diagnostic_exact_match,0.0,,0
longmemeval_types,window,,multi-session,diagnostic_token_f1,4.6985272739792565,,0
longmemeval_types,window,,single-session-assistant,diagnostic_exact_match,0.0,,0
longmemeval_types,window,,single-session-assistant,diagnostic_token_f1,7.806457323146524,,0
longmemeval_types,window,,single-session-preference,diagnostic_exact_match,0.0,,0
longmemeval_types,window,,single-session-preference,diagnostic_token_f1,17.597440057379295,,0
longmemeval_types,window,,single-session-user,diagnostic_exact_match,0.0,,0
longmemeval_types,window,,single-session-user,diagnostic_token_f1,9.335880495330521,,0
longmemeval_types,window,,temporal-reasoning,diagnostic_exact_match,0.0,,0
longmemeval_types,window,,temporal-reasoning,diagnostic_token_f1,8.610463964058507,,0
prefix_1000,lalm,1000,,accuracy,71.11111111111111,4.073400617738527,3
prefix_1000,lalm_permuted_prefix,1000,,accuracy,57.55555555555556,7.128451081042418,3
prefix_1000,lalm_random_prefix,1000,,accuracy,62.22222222222222,3.150543750835074,3
prefix_1000,lalm_zero_prefix,1000,,accuracy,70.0,0.0,3
prefix_1000,lexical_only,1000,,accuracy,67.33333333333333,,0
prefix_5000,lalm,5000,,accuracy,70.88888888888889,6.406015691288701,3
prefix_5000,lalm_permuted_prefix,5000,,accuracy,59.111111111111114,7.0026450029283245,3
prefix_5000,lalm_random_prefix,5000,,accuracy,61.33333333333333,2.4037008503093293,3
prefix_5000,lalm_zero_prefix,5000,,accuracy,68.22222222222221,0.7698003589194996,3
prefix_5000,lexical_only,5000,,accuracy,66.0,,0
synthetic,bounded_rag,100,,accuracy,66.33333333333333,,0
synthetic,bounded_rag,1000,,accuracy,20.666666666666668,,0
synthetic,bounded_rag,500,,accuracy,63.55555555555556,,0
synthetic,bounded_rag,5000,,accuracy,0.0,,0
synthetic,lalm,100,,accuracy,75.77777777777777,4.233901974057257,3
synthetic,lalm,1000,,accuracy,71.11111111111111,4.073400617738527,3
synthetic,lalm,500,,accuracy,70.66666666666667,3.111111111111112,3
synthetic,lalm,5000,,accuracy,70.88888888888889,6.406015691288701,3
synthetic,lexical_only,100,,accuracy,72.66666666666667,,0
synthetic,lexical_only,1000,,accuracy,67.33333333333333,,0
synthetic,lexical_only,500,,accuracy,66.66666666666667,,0
synthetic,lexical_only,5000,,accuracy,66.0,,0
synthetic,pure_liquid,100,,accuracy,13.777777777777779,2.116950987028628,3
synthetic,pure_liquid,1000,,accuracy,11.777777777777779,7.31310340973526,3
synthetic,pure_liquid,500,,accuracy,13.037037037037036,2.4478091321271562,3
synthetic,pure_liquid,5000,,accuracy,10.666666666666668,9.237604307034013,3
synthetic,rag,100,,accuracy,66.33333333333333,,0
synthetic,rag,1000,,accuracy,58.666666666666664,,0
synthetic,rag,500,,accuracy,63.111111111111114,,0
synthetic,rag,5000,,accuracy,58.666666666666664,,0
synthetic,vanilla,100,,accuracy,0.0,,0
synthetic,vanilla,1000,,accuracy,0.0,,0
synthetic,vanilla,500,,accuracy,0.0,,0
synthetic,vanilla,5000,,accuracy,0.0,,0
synthetic,window,100,,accuracy,18.333333333333336,,0
synthetic,window,1000,,accuracy,0.0,,0
synthetic,window,500,,accuracy,0.0,,0
synthetic,window,5000,,accuracy,0.0,,0
