run_id,dataset,agent,horizon,examples,evaluation_streams,accuracy,accuracy_std,accuracy_mean,diagnostic_token_f1,diagnostic_exact_match,locomo_category_aware_qa,metrics_file
20260708T091626Z_synthetic,synthetic,vanilla,100,100,,0.0,,,,,,runs/20260708T091626Z_synthetic/metrics.csv
20260708T091626Z_synthetic,synthetic,window,100,100,,0.22,,,,,,runs/20260708T091626Z_synthetic/metrics.csv
20260708T091626Z_synthetic,synthetic,rag,100,100,,0.65,,,,,,runs/20260708T091626Z_synthetic/metrics.csv
20260708T091626Z_synthetic,synthetic,pure_liquid,100,100,,0.12,,,,,,runs/20260708T091626Z_synthetic/metrics.csv
20260708T091626Z_synthetic,synthetic,lexical_only,100,100,,0.72,,,,,,runs/20260708T091626Z_synthetic/metrics.csv
20260708T091626Z_synthetic,synthetic,lalm,100,100,,0.8,,,,,,runs/20260708T091626Z_synthetic/metrics.csv
20260708T091626Z_synthetic,synthetic,vanilla,500,75,,0.0,,,,,,runs/20260708T091626Z_synthetic/metrics.csv
20260708T091626Z_synthetic,synthetic,window,500,75,,0.0,,,,,,runs/20260708T091626Z_synthetic/metrics.csv
20260708T091626Z_synthetic,synthetic,rag,500,75,,0.5733333333333334,,,,,,runs/20260708T091626Z_synthetic/metrics.csv
20260708T091626Z_synthetic,synthetic,pure_liquid,500,75,,0.09333333333333334,,,,,,runs/20260708T091626Z_synthetic/metrics.csv
20260708T091626Z_synthetic,synthetic,lexical_only,500,75,,0.6266666666666667,,,,,,runs/20260708T091626Z_synthetic/metrics.csv
20260708T091626Z_synthetic,synthetic,lalm,500,75,,0.72,,,,,,runs/20260708T091626Z_synthetic/metrics.csv
20260708T091626Z_synthetic,synthetic,vanilla,1000,50,,0.0,,,,,,runs/20260708T091626Z_synthetic/metrics.csv
20260708T091626Z_synthetic,synthetic,window,1000,50,,0.0,,,,,,runs/20260708T091626Z_synthetic/metrics.csv
20260708T091626Z_synthetic,synthetic,rag,1000,50,,0.52,,,,,,runs/20260708T091626Z_synthetic/metrics.csv
20260708T091626Z_synthetic,synthetic,pure_liquid,1000,50,,0.02,,,,,,runs/20260708T091626Z_synthetic/metrics.csv
20260708T091626Z_synthetic,synthetic,lexical_only,1000,50,,0.64,,,,,,runs/20260708T091626Z_synthetic/metrics.csv
20260708T091626Z_synthetic,synthetic,lalm,1000,50,,0.74,,,,,,runs/20260708T091626Z_synthetic/metrics.csv
20260708T091626Z_synthetic,synthetic,vanilla,5000,50,,0.0,,,,,,runs/20260708T091626Z_synthetic/metrics.csv
20260708T091626Z_synthetic,synthetic,window,5000,50,,0.0,,,,,,runs/20260708T091626Z_synthetic/metrics.csv
20260708T091626Z_synthetic,synthetic,rag,5000,50,,0.64,,,,,,runs/20260708T091626Z_synthetic/metrics.csv
20260708T091626Z_synthetic,synthetic,pure_liquid,5000,50,,0.0,,,,,,runs/20260708T091626Z_synthetic/metrics.csv
20260708T091626Z_synthetic,synthetic,lexical_only,5000,50,,0.68,,,,,,runs/20260708T091626Z_synthetic/metrics.csv
20260708T091626Z_synthetic,synthetic,lalm,5000,50,,0.8,,,,,,runs/20260708T091626Z_synthetic/metrics.csv
20260708T093747Z_synthetic,synthetic,vanilla,100,100,,0.0,,,,,,runs/20260708T093747Z_synthetic/metrics.csv
20260708T093747Z_synthetic,synthetic,window,100,100,,0.14,,,,,,runs/20260708T093747Z_synthetic/metrics.csv
20260708T093747Z_synthetic,synthetic,rag,100,100,,0.67,,,,,,runs/20260708T093747Z_synthetic/metrics.csv
20260708T093747Z_synthetic,synthetic,pure_liquid,100,100,,0.11,,,,,,runs/20260708T093747Z_synthetic/metrics.csv
20260708T093747Z_synthetic,synthetic,lexical_only,100,100,,0.74,,,,,,runs/20260708T093747Z_synthetic/metrics.csv
20260708T093747Z_synthetic,synthetic,lalm,100,100,,0.82,,,,,,runs/20260708T093747Z_synthetic/metrics.csv
20260708T093747Z_synthetic,synthetic,vanilla,500,75,,0.0,,,,,,runs/20260708T093747Z_synthetic/metrics.csv
20260708T093747Z_synthetic,synthetic,window,500,75,,0.0,,,,,,runs/20260708T093747Z_synthetic/metrics.csv
20260708T093747Z_synthetic,synthetic,rag,500,75,,0.68,,,,,,runs/20260708T093747Z_synthetic/metrics.csv
20260708T093747Z_synthetic,synthetic,pure_liquid,500,75,,0.10666666666666667,,,,,,runs/20260708T093747Z_synthetic/metrics.csv
20260708T093747Z_synthetic,synthetic,lexical_only,500,75,,0.68,,,,,,runs/20260708T093747Z_synthetic/metrics.csv
20260708T093747Z_synthetic,synthetic,lalm,500,75,,0.7333333333333333,,,,,,runs/20260708T093747Z_synthetic/metrics.csv
20260708T093747Z_synthetic,synthetic,vanilla,1000,50,,0.0,,,,,,runs/20260708T093747Z_synthetic/metrics.csv
20260708T093747Z_synthetic,synthetic,window,1000,50,,0.0,,,,,,runs/20260708T093747Z_synthetic/metrics.csv
20260708T093747Z_synthetic,synthetic,rag,1000,50,,0.6,,,,,,runs/20260708T093747Z_synthetic/metrics.csv
20260708T093747Z_synthetic,synthetic,pure_liquid,1000,50,,0.02,,,,,,runs/20260708T093747Z_synthetic/metrics.csv
20260708T093747Z_synthetic,synthetic,lexical_only,1000,50,,0.72,,,,,,runs/20260708T093747Z_synthetic/metrics.csv
20260708T093747Z_synthetic,synthetic,lalm,1000,50,,0.72,,,,,,runs/20260708T093747Z_synthetic/metrics.csv
20260708T093747Z_synthetic,synthetic,vanilla,5000,50,,0.0,,,,,,runs/20260708T093747Z_synthetic/metrics.csv
20260708T093747Z_synthetic,synthetic,window,5000,50,,0.0,,,,,,runs/20260708T093747Z_synthetic/metrics.csv
20260708T093747Z_synthetic,synthetic,rag,5000,50,,0.54,,,,,,runs/20260708T093747Z_synthetic/metrics.csv
20260708T093747Z_synthetic,synthetic,pure_liquid,5000,50,,0.0,,,,,,runs/20260708T093747Z_synthetic/metrics.csv
20260708T093747Z_synthetic,synthetic,lexical_only,5000,50,,0.64,,,,,,runs/20260708T093747Z_synthetic/metrics.csv
20260708T093747Z_synthetic,synthetic,lalm,5000,50,,0.76,,,,,,runs/20260708T093747Z_synthetic/metrics.csv
20260708T100653Z_synthetic,synthetic,vanilla,100,100,,0.0,,,,,,runs/20260708T100653Z_synthetic/metrics.csv
20260708T100653Z_synthetic,synthetic,window,100,100,,0.19,,,,,,runs/20260708T100653Z_synthetic/metrics.csv
20260708T100653Z_synthetic,synthetic,rag,100,100,,0.67,,,,,,runs/20260708T100653Z_synthetic/metrics.csv
20260708T100653Z_synthetic,synthetic,pure_liquid,100,100,,0.11,,,,,,runs/20260708T100653Z_synthetic/metrics.csv
20260708T100653Z_synthetic,synthetic,lexical_only,100,100,,0.72,,,,,,runs/20260708T100653Z_synthetic/metrics.csv
20260708T100653Z_synthetic,synthetic,lalm,100,100,,0.8,,,,,,runs/20260708T100653Z_synthetic/metrics.csv
20260708T100653Z_synthetic,synthetic,vanilla,500,75,,0.0,,,,,,runs/20260708T100653Z_synthetic/metrics.csv
20260708T100653Z_synthetic,synthetic,window,500,75,,0.0,,,,,,runs/20260708T100653Z_synthetic/metrics.csv
20260708T100653Z_synthetic,synthetic,rag,500,75,,0.64,,,,,,runs/20260708T100653Z_synthetic/metrics.csv
20260708T100653Z_synthetic,synthetic,pure_liquid,500,75,,0.10666666666666667,,,,,,runs/20260708T100653Z_synthetic/metrics.csv
20260708T100653Z_synthetic,synthetic,lexical_only,500,75,,0.6933333333333334,,,,,,runs/20260708T100653Z_synthetic/metrics.csv
20260708T100653Z_synthetic,synthetic,lalm,500,75,,0.7733333333333333,,,,,,runs/20260708T100653Z_synthetic/metrics.csv
20260708T100653Z_synthetic,synthetic,vanilla,1000,50,,0.0,,,,,,runs/20260708T100653Z_synthetic/metrics.csv
20260708T100653Z_synthetic,synthetic,window,1000,50,,0.0,,,,,,runs/20260708T100653Z_synthetic/metrics.csv
20260708T100653Z_synthetic,synthetic,rag,1000,50,,0.64,,,,,,runs/20260708T100653Z_synthetic/metrics.csv
20260708T100653Z_synthetic,synthetic,pure_liquid,1000,50,,0.06,,,,,,runs/20260708T100653Z_synthetic/metrics.csv
20260708T100653Z_synthetic,synthetic,lexical_only,1000,50,,0.66,,,,,,runs/20260708T100653Z_synthetic/metrics.csv
20260708T100653Z_synthetic,synthetic,lalm,1000,50,,0.78,,,,,,runs/20260708T100653Z_synthetic/metrics.csv
20260708T100653Z_synthetic,synthetic,vanilla,5000,50,,0.0,,,,,,runs/20260708T100653Z_synthetic/metrics.csv
20260708T100653Z_synthetic,synthetic,window,5000,50,,0.0,,,,,,runs/20260708T100653Z_synthetic/metrics.csv
20260708T100653Z_synthetic,synthetic,rag,5000,50,,0.58,,,,,,runs/20260708T100653Z_synthetic/metrics.csv
20260708T100653Z_synthetic,synthetic,pure_liquid,5000,50,,0.0,,,,,,runs/20260708T100653Z_synthetic/metrics.csv
20260708T100653Z_synthetic,synthetic,lexical_only,5000,50,,0.66,,,,,,runs/20260708T100653Z_synthetic/metrics.csv
20260708T100653Z_synthetic,synthetic,lalm,5000,50,,0.74,,,,,,runs/20260708T100653Z_synthetic/metrics.csv
20260708T103354Z_multi_seed,synthetic,lalm,100,,3,,0.011547005383792462,0.8066666666666666,,,,runs/20260708T103354Z_multi_seed/metrics.csv
20260708T103354Z_multi_seed,synthetic,lexical_only,100,,3,,0.011547005383792526,0.7266666666666667,,,,runs/20260708T103354Z_multi_seed/metrics.csv
20260708T103354Z_multi_seed,synthetic,pure_liquid,100,,3,,0.0057735026918962545,0.11333333333333333,,,,runs/20260708T103354Z_multi_seed/metrics.csv
20260708T103354Z_multi_seed,synthetic,rag,100,,3,,0.011547005383792526,0.6633333333333333,,,,runs/20260708T103354Z_multi_seed/metrics.csv
20260708T103354Z_multi_seed,synthetic,vanilla,100,,3,,0.0,0.0,,,,runs/20260708T103354Z_multi_seed/metrics.csv
20260708T103354Z_multi_seed,synthetic,window,100,,3,,0.040414518843273795,0.18333333333333335,,,,runs/20260708T103354Z_multi_seed/metrics.csv
20260708T103354Z_multi_seed,synthetic,lalm,500,,3,,0.027755546659548446,0.7422222222222222,,,,runs/20260708T103354Z_multi_seed/metrics.csv
20260708T103354Z_multi_seed,synthetic,lexical_only,500,,3,,0.03527668414752787,0.6666666666666667,,,,runs/20260708T103354Z_multi_seed/metrics.csv
20260708T103354Z_multi_seed,synthetic,pure_liquid,500,,3,,0.0076980035891950115,0.10222222222222223,,,,runs/20260708T103354Z_multi_seed/metrics.csv
20260708T103354Z_multi_seed,synthetic,rag,500,,3,,0.05388602512436508,0.6311111111111112,,,,runs/20260708T103354Z_multi_seed/metrics.csv
20260708T103354Z_multi_seed,synthetic,vanilla,500,,3,,0.0,0.0,,,,runs/20260708T103354Z_multi_seed/metrics.csv
20260708T103354Z_multi_seed,synthetic,window,500,,3,,0.0,0.0,,,,runs/20260708T103354Z_multi_seed/metrics.csv
20260708T103354Z_multi_seed,synthetic,lalm,1000,,3,,0.03055050463303896,0.7466666666666667,,,,runs/20260708T103354Z_multi_seed/metrics.csv
20260708T103354Z_multi_seed,synthetic,lexical_only,1000,,3,,0.04163331998932263,0.6733333333333333,,,,runs/20260708T103354Z_multi_seed/metrics.csv
20260708T103354Z_multi_seed,synthetic,pure_liquid,1000,,3,,0.02309401076758503,0.03333333333333333,,,,runs/20260708T103354Z_multi_seed/metrics.csv
20260708T103354Z_multi_seed,synthetic,rag,1000,,3,,0.06110100926607786,0.5866666666666667,,,,runs/20260708T103354Z_multi_seed/metrics.csv
20260708T103354Z_multi_seed,synthetic,vanilla,1000,,3,,0.0,0.0,,,,runs/20260708T103354Z_multi_seed/metrics.csv
20260708T103354Z_multi_seed,synthetic,window,1000,,3,,0.0,0.0,,,,runs/20260708T103354Z_multi_seed/metrics.csv
20260708T103354Z_multi_seed,synthetic,lalm,5000,,3,,0.03055050463303896,0.7666666666666667,,,,runs/20260708T103354Z_multi_seed/metrics.csv
20260708T103354Z_multi_seed,synthetic,lexical_only,5000,,3,,0.020000000000000018,0.66,,,,runs/20260708T103354Z_multi_seed/metrics.csv
20260708T103354Z_multi_seed,synthetic,pure_liquid,5000,,3,,0.0,0.0,,,,runs/20260708T103354Z_multi_seed/metrics.csv
20260708T103354Z_multi_seed,synthetic,rag,5000,,3,,0.05033222956847166,0.5866666666666667,,,,runs/20260708T103354Z_multi_seed/metrics.csv
20260708T103354Z_multi_seed,synthetic,vanilla,5000,,3,,0.0,0.0,,,,runs/20260708T103354Z_multi_seed/metrics.csv
20260708T103354Z_multi_seed,synthetic,window,5000,,3,,0.0,0.0,,,,runs/20260708T103354Z_multi_seed/metrics.csv
20260709T052106Z_synthetic,synthetic,vanilla,100,100,,0.0,,,,,,runs/20260709T052106Z_synthetic/metrics.csv
20260709T052106Z_synthetic,synthetic,window,100,100,,0.22,,,,,,runs/20260709T052106Z_synthetic/metrics.csv
20260709T052106Z_synthetic,synthetic,rag,100,100,,0.65,,,,,,runs/20260709T052106Z_synthetic/metrics.csv
20260709T052106Z_synthetic,synthetic,pure_liquid,100,100,,0.17,,,,,,runs/20260709T052106Z_synthetic/metrics.csv
20260709T052106Z_synthetic,synthetic,lexical_only,100,100,,0.72,,,,,,runs/20260709T052106Z_synthetic/metrics.csv
20260709T052106Z_synthetic,synthetic,lalm,100,100,,0.75,,,,,,runs/20260709T052106Z_synthetic/metrics.csv
20260709T052106Z_synthetic,synthetic,vanilla,500,75,,0.0,,,,,,runs/20260709T052106Z_synthetic/metrics.csv
20260709T052106Z_synthetic,synthetic,window,500,75,,0.0,,,,,,runs/20260709T052106Z_synthetic/metrics.csv
20260709T052106Z_synthetic,synthetic,rag,500,75,,0.5733333333333334,,,,,,runs/20260709T052106Z_synthetic/metrics.csv
20260709T052106Z_synthetic,synthetic,pure_liquid,500,75,,0.14666666666666667,,,,,,runs/20260709T052106Z_synthetic/metrics.csv
20260709T052106Z_synthetic,synthetic,lexical_only,500,75,,0.6266666666666667,,,,,,runs/20260709T052106Z_synthetic/metrics.csv
20260709T052106Z_synthetic,synthetic,lalm,500,75,,0.64,,,,,,runs/20260709T052106Z_synthetic/metrics.csv
20260709T052106Z_synthetic,synthetic,vanilla,1000,50,,0.0,,,,,,runs/20260709T052106Z_synthetic/metrics.csv
20260709T052106Z_synthetic,synthetic,window,1000,50,,0.0,,,,,,runs/20260709T052106Z_synthetic/metrics.csv
20260709T052106Z_synthetic,synthetic,rag,1000,50,,0.52,,,,,,runs/20260709T052106Z_synthetic/metrics.csv
20260709T052106Z_synthetic,synthetic,pure_liquid,1000,50,,0.16,,,,,,runs/20260709T052106Z_synthetic/metrics.csv
20260709T052106Z_synthetic,synthetic,lexical_only,1000,50,,0.64,,,,,,runs/20260709T052106Z_synthetic/metrics.csv
20260709T052106Z_synthetic,synthetic,lalm,1000,50,,0.7,,,,,,runs/20260709T052106Z_synthetic/metrics.csv
20260709T052106Z_synthetic,synthetic,vanilla,5000,50,,0.0,,,,,,runs/20260709T052106Z_synthetic/metrics.csv
20260709T052106Z_synthetic,synthetic,window,5000,50,,0.0,,,,,,runs/20260709T052106Z_synthetic/metrics.csv
20260709T052106Z_synthetic,synthetic,rag,5000,50,,0.64,,,,,,runs/20260709T052106Z_synthetic/metrics.csv
20260709T052106Z_synthetic,synthetic,pure_liquid,5000,50,,0.16,,,,,,runs/20260709T052106Z_synthetic/metrics.csv
20260709T052106Z_synthetic,synthetic,lexical_only,5000,50,,0.68,,,,,,runs/20260709T052106Z_synthetic/metrics.csv
20260709T052106Z_synthetic,synthetic,lalm,5000,50,,0.72,,,,,,runs/20260709T052106Z_synthetic/metrics.csv
20260709T054712Z_synthetic,synthetic,vanilla,100,100,,0.0,,,,,,runs/20260709T054712Z_synthetic/metrics.csv
20260709T054712Z_synthetic,synthetic,window,100,100,,0.14,,,,,,runs/20260709T054712Z_synthetic/metrics.csv
20260709T054712Z_synthetic,synthetic,rag,100,100,,0.67,,,,,,runs/20260709T054712Z_synthetic/metrics.csv
20260709T054712Z_synthetic,synthetic,pure_liquid,100,100,,0.16,,,,,,runs/20260709T054712Z_synthetic/metrics.csv
20260709T054712Z_synthetic,synthetic,lexical_only,100,100,,0.74,,,,,,runs/20260709T054712Z_synthetic/metrics.csv
20260709T054712Z_synthetic,synthetic,lalm,100,100,,0.74,,,,,,runs/20260709T054712Z_synthetic/metrics.csv
20260709T054712Z_synthetic,synthetic,vanilla,500,75,,0.0,,,,,,runs/20260709T054712Z_synthetic/metrics.csv
20260709T054712Z_synthetic,synthetic,window,500,75,,0.0,,,,,,runs/20260709T054712Z_synthetic/metrics.csv
20260709T054712Z_synthetic,synthetic,rag,500,75,,0.68,,,,,,runs/20260709T054712Z_synthetic/metrics.csv
20260709T054712Z_synthetic,synthetic,pure_liquid,500,75,,0.14666666666666667,,,,,,runs/20260709T054712Z_synthetic/metrics.csv
20260709T054712Z_synthetic,synthetic,lexical_only,500,75,,0.68,,,,,,runs/20260709T054712Z_synthetic/metrics.csv
20260709T054712Z_synthetic,synthetic,lalm,500,75,,0.6933333333333334,,,,,,runs/20260709T054712Z_synthetic/metrics.csv
20260709T054712Z_synthetic,synthetic,vanilla,1000,50,,0.0,,,,,,runs/20260709T054712Z_synthetic/metrics.csv
20260709T054712Z_synthetic,synthetic,window,1000,50,,0.0,,,,,,runs/20260709T054712Z_synthetic/metrics.csv
20260709T054712Z_synthetic,synthetic,rag,1000,50,,0.6,,,,,,runs/20260709T054712Z_synthetic/metrics.csv
20260709T054712Z_synthetic,synthetic,pure_liquid,1000,50,,0.16,,,,,,runs/20260709T054712Z_synthetic/metrics.csv
20260709T054712Z_synthetic,synthetic,lexical_only,1000,50,,0.72,,,,,,runs/20260709T054712Z_synthetic/metrics.csv
20260709T054712Z_synthetic,synthetic,lalm,1000,50,,0.72,,,,,,runs/20260709T054712Z_synthetic/metrics.csv
20260709T054712Z_synthetic,synthetic,vanilla,5000,50,,0.0,,,,,,runs/20260709T054712Z_synthetic/metrics.csv
20260709T054712Z_synthetic,synthetic,window,5000,50,,0.0,,,,,,runs/20260709T054712Z_synthetic/metrics.csv
20260709T054712Z_synthetic,synthetic,rag,5000,50,,0.54,,,,,,runs/20260709T054712Z_synthetic/metrics.csv
20260709T054712Z_synthetic,synthetic,pure_liquid,5000,50,,0.16,,,,,,runs/20260709T054712Z_synthetic/metrics.csv
20260709T054712Z_synthetic,synthetic,lexical_only,5000,50,,0.64,,,,,,runs/20260709T054712Z_synthetic/metrics.csv
20260709T054712Z_synthetic,synthetic,lalm,5000,50,,0.72,,,,,,runs/20260709T054712Z_synthetic/metrics.csv
20260709T061413Z_synthetic,synthetic,vanilla,100,100,,0.0,,,,,,runs/20260709T061413Z_synthetic/metrics.csv
20260709T061413Z_synthetic,synthetic,window,100,100,,0.19,,,,,,runs/20260709T061413Z_synthetic/metrics.csv
20260709T061413Z_synthetic,synthetic,rag,100,100,,0.67,,,,,,runs/20260709T061413Z_synthetic/metrics.csv
20260709T061413Z_synthetic,synthetic,pure_liquid,100,100,,0.12,,,,,,runs/20260709T061413Z_synthetic/metrics.csv
20260709T061413Z_synthetic,synthetic,lexical_only,100,100,,0.72,,,,,,runs/20260709T061413Z_synthetic/metrics.csv
20260709T061413Z_synthetic,synthetic,lalm,100,100,,0.71,,,,,,runs/20260709T061413Z_synthetic/metrics.csv
20260709T061413Z_synthetic,synthetic,vanilla,500,75,,0.0,,,,,,runs/20260709T061413Z_synthetic/metrics.csv
20260709T061413Z_synthetic,synthetic,window,500,75,,0.0,,,,,,runs/20260709T061413Z_synthetic/metrics.csv
20260709T061413Z_synthetic,synthetic,rag,500,75,,0.64,,,,,,runs/20260709T061413Z_synthetic/metrics.csv
20260709T061413Z_synthetic,synthetic,pure_liquid,500,75,,0.13333333333333333,,,,,,runs/20260709T061413Z_synthetic/metrics.csv
20260709T061413Z_synthetic,synthetic,lexical_only,500,75,,0.6933333333333334,,,,,,runs/20260709T061413Z_synthetic/metrics.csv
20260709T061413Z_synthetic,synthetic,lalm,500,75,,0.7466666666666667,,,,,,runs/20260709T061413Z_synthetic/metrics.csv
20260709T061413Z_synthetic,synthetic,vanilla,1000,50,,0.0,,,,,,runs/20260709T061413Z_synthetic/metrics.csv
20260709T061413Z_synthetic,synthetic,window,1000,50,,0.0,,,,,,runs/20260709T061413Z_synthetic/metrics.csv
20260709T061413Z_synthetic,synthetic,rag,1000,50,,0.64,,,,,,runs/20260709T061413Z_synthetic/metrics.csv
20260709T061413Z_synthetic,synthetic,pure_liquid,1000,50,,0.16,,,,,,runs/20260709T061413Z_synthetic/metrics.csv
20260709T061413Z_synthetic,synthetic,lexical_only,1000,50,,0.66,,,,,,runs/20260709T061413Z_synthetic/metrics.csv
20260709T061413Z_synthetic,synthetic,lalm,1000,50,,0.74,,,,,,runs/20260709T061413Z_synthetic/metrics.csv
20260709T061413Z_synthetic,synthetic,vanilla,5000,50,,0.0,,,,,,runs/20260709T061413Z_synthetic/metrics.csv
20260709T061413Z_synthetic,synthetic,window,5000,50,,0.0,,,,,,runs/20260709T061413Z_synthetic/metrics.csv
20260709T061413Z_synthetic,synthetic,rag,5000,50,,0.58,,,,,,runs/20260709T061413Z_synthetic/metrics.csv
20260709T061413Z_synthetic,synthetic,pure_liquid,5000,50,,0.16,,,,,,runs/20260709T061413Z_synthetic/metrics.csv
20260709T061413Z_synthetic,synthetic,lexical_only,5000,50,,0.66,,,,,,runs/20260709T061413Z_synthetic/metrics.csv
20260709T061413Z_synthetic,synthetic,lalm,5000,50,,0.72,,,,,,runs/20260709T061413Z_synthetic/metrics.csv
20260709T063916Z_multi_seed,synthetic,lalm,100,,3,,0.020816659994661344,0.7333333333333333,,,,runs/20260709T063916Z_multi_seed/metrics.csv
20260709T063916Z_multi_seed,synthetic,lexical_only,100,,3,,0.011547005383792526,0.7266666666666667,,,,runs/20260709T063916Z_multi_seed/metrics.csv
20260709T063916Z_multi_seed,synthetic,pure_liquid,100,,3,,0.026457513110645915,0.15,,,,runs/20260709T063916Z_multi_seed/metrics.csv
20260709T063916Z_multi_seed,synthetic,rag,100,,3,,0.011547005383792526,0.6633333333333333,,,,runs/20260709T063916Z_multi_seed/metrics.csv
20260709T063916Z_multi_seed,synthetic,vanilla,100,,3,,0.0,0.0,,,,runs/20260709T063916Z_multi_seed/metrics.csv
20260709T063916Z_multi_seed,synthetic,window,100,,3,,0.040414518843273795,0.18333333333333335,,,,runs/20260709T063916Z_multi_seed/metrics.csv
20260709T063916Z_multi_seed,synthetic,lalm,500,,3,,0.053333333333333344,0.6933333333333334,,,,runs/20260709T063916Z_multi_seed/metrics.csv
20260709T063916Z_multi_seed,synthetic,lexical_only,500,,3,,0.03527668414752787,0.6666666666666667,,,,runs/20260709T063916Z_multi_seed/metrics.csv
20260709T063916Z_multi_seed,synthetic,pure_liquid,500,,3,,0.0076980035891950115,0.14222222222222222,,,,runs/20260709T063916Z_multi_seed/metrics.csv
20260709T063916Z_multi_seed,synthetic,rag,500,,3,,0.05388602512436508,0.6311111111111112,,,,runs/20260709T063916Z_multi_seed/metrics.csv
20260709T063916Z_multi_seed,synthetic,vanilla,500,,3,,0.0,0.0,,,,runs/20260709T063916Z_multi_seed/metrics.csv
20260709T063916Z_multi_seed,synthetic,window,500,,3,,0.0,0.0,,,,runs/20260709T063916Z_multi_seed/metrics.csv
20260709T063916Z_multi_seed,synthetic,lalm,1000,,3,,0.020000000000000018,0.72,,,,runs/20260709T063916Z_multi_seed/metrics.csv
20260709T063916Z_multi_seed,synthetic,lexical_only,1000,,3,,0.04163331998932263,0.6733333333333333,,,,runs/20260709T063916Z_multi_seed/metrics.csv
20260709T063916Z_multi_seed,synthetic,pure_liquid,1000,,3,,0.0,0.16,,,,runs/20260709T063916Z_multi_seed/metrics.csv
20260709T063916Z_multi_seed,synthetic,rag,1000,,3,,0.06110100926607786,0.5866666666666667,,,,runs/20260709T063916Z_multi_seed/metrics.csv
20260709T063916Z_multi_seed,synthetic,vanilla,1000,,3,,0.0,0.0,,,,runs/20260709T063916Z_multi_seed/metrics.csv
20260709T063916Z_multi_seed,synthetic,window,1000,,3,,0.0,0.0,,,,runs/20260709T063916Z_multi_seed/metrics.csv
20260709T063916Z_multi_seed,synthetic,lalm,5000,,3,,0.0,0.72,,,,runs/20260709T063916Z_multi_seed/metrics.csv
20260709T063916Z_multi_seed,synthetic,lexical_only,5000,,3,,0.020000000000000018,0.66,,,,runs/20260709T063916Z_multi_seed/metrics.csv
20260709T063916Z_multi_seed,synthetic,pure_liquid,5000,,3,,0.0,0.16,,,,runs/20260709T063916Z_multi_seed/metrics.csv
20260709T063916Z_multi_seed,synthetic,rag,5000,,3,,0.05033222956847166,0.5866666666666667,,,,runs/20260709T063916Z_multi_seed/metrics.csv
20260709T063916Z_multi_seed,synthetic,vanilla,5000,,3,,0.0,0.0,,,,runs/20260709T063916Z_multi_seed/metrics.csv
20260709T063916Z_multi_seed,synthetic,window,5000,,3,,0.0,0.0,,,,runs/20260709T063916Z_multi_seed/metrics.csv
20260709T064317Z_synthetic,synthetic,lexical_only,5000,50,,0.68,,,,,,runs/20260709T064317Z_synthetic/metrics.csv
20260709T064317Z_synthetic,synthetic,lalm,5000,50,,0.8,,,,,,runs/20260709T064317Z_synthetic/metrics.csv
20260709T064317Z_synthetic,synthetic,lalm_zero_prefix,5000,50,,0.72,,,,,,runs/20260709T064317Z_synthetic/metrics.csv
20260709T064317Z_synthetic,synthetic,lalm_random_prefix,5000,50,,0.62,,,,,,runs/20260709T064317Z_synthetic/metrics.csv
20260709T064317Z_synthetic,synthetic,lalm_permuted_prefix,5000,50,,0.7,,,,,,runs/20260709T064317Z_synthetic/metrics.csv
20260709T070455Z_synthetic,synthetic,lexical_only,5000,50,,0.64,,,,,,runs/20260709T070455Z_synthetic/metrics.csv
20260709T070455Z_synthetic,synthetic,lalm,5000,50,,0.76,,,,,,runs/20260709T070455Z_synthetic/metrics.csv
20260709T070455Z_synthetic,synthetic,lalm_zero_prefix,5000,50,,0.7,,,,,,runs/20260709T070455Z_synthetic/metrics.csv
20260709T070455Z_synthetic,synthetic,lalm_random_prefix,5000,50,,0.64,,,,,,runs/20260709T070455Z_synthetic/metrics.csv
20260709T070455Z_synthetic,synthetic,lalm_permuted_prefix,5000,50,,0.62,,,,,,runs/20260709T070455Z_synthetic/metrics.csv
20260709T072248Z_synthetic,synthetic,lexical_only,5000,50,,0.66,,,,,,runs/20260709T072248Z_synthetic/metrics.csv
20260709T072248Z_synthetic,synthetic,lalm,5000,50,,0.74,,,,,,runs/20260709T072248Z_synthetic/metrics.csv
20260709T072248Z_synthetic,synthetic,lalm_zero_prefix,5000,50,,0.64,,,,,,runs/20260709T072248Z_synthetic/metrics.csv
20260709T072248Z_synthetic,synthetic,lalm_random_prefix,5000,50,,0.66,,,,,,runs/20260709T072248Z_synthetic/metrics.csv
20260709T072248Z_synthetic,synthetic,lalm_permuted_prefix,5000,50,,0.66,,,,,,runs/20260709T072248Z_synthetic/metrics.csv
20260709T074140Z_multi_seed,synthetic,lalm,5000,,3,,0.03055050463303896,0.7666666666666667,,,,runs/20260709T074140Z_multi_seed/metrics.csv
20260709T074140Z_multi_seed,synthetic,lalm_permuted_prefix,5000,,3,,0.03999999999999998,0.66,,,,runs/20260709T074140Z_multi_seed/metrics.csv
20260709T074140Z_multi_seed,synthetic,lalm_random_prefix,5000,,3,,0.020000000000000018,0.64,,,,runs/20260709T074140Z_multi_seed/metrics.csv
20260709T074140Z_multi_seed,synthetic,lalm_zero_prefix,5000,,3,,0.04163331998932263,0.6866666666666666,,,,runs/20260709T074140Z_multi_seed/metrics.csv
20260709T074140Z_multi_seed,synthetic,lexical_only,5000,,3,,0.020000000000000018,0.66,,,,runs/20260709T074140Z_multi_seed/metrics.csv
20260709T080055Z_synthetic,synthetic,lexical_only,5000,50,,0.68,,,,,,runs/20260709T080055Z_synthetic/metrics.csv
20260709T080055Z_synthetic,synthetic,lalm,5000,50,,0.72,,,,,,runs/20260709T080055Z_synthetic/metrics.csv
20260709T080055Z_synthetic,synthetic,lalm_zero_prefix,5000,50,,0.72,,,,,,runs/20260709T080055Z_synthetic/metrics.csv
20260709T080055Z_synthetic,synthetic,lalm_random_prefix,5000,50,,0.62,,,,,,runs/20260709T080055Z_synthetic/metrics.csv
20260709T080055Z_synthetic,synthetic,lalm_permuted_prefix,5000,50,,0.6,,,,,,runs/20260709T080055Z_synthetic/metrics.csv
20260709T082029Z_synthetic,synthetic,lexical_only,5000,50,,0.64,,,,,,runs/20260709T082029Z_synthetic/metrics.csv
20260709T082029Z_synthetic,synthetic,lalm,5000,50,,0.72,,,,,,runs/20260709T082029Z_synthetic/metrics.csv
20260709T082029Z_synthetic,synthetic,lalm_zero_prefix,5000,50,,0.7,,,,,,runs/20260709T082029Z_synthetic/metrics.csv
20260709T082029Z_synthetic,synthetic,lalm_random_prefix,5000,50,,0.58,,,,,,runs/20260709T082029Z_synthetic/metrics.csv
20260709T082029Z_synthetic,synthetic,lalm_permuted_prefix,5000,50,,0.6,,,,,,runs/20260709T082029Z_synthetic/metrics.csv
20260709T084106Z_synthetic,synthetic,lexical_only,5000,50,,0.66,,,,,,runs/20260709T084106Z_synthetic/metrics.csv
20260709T084106Z_synthetic,synthetic,lalm,5000,50,,0.72,,,,,,runs/20260709T084106Z_synthetic/metrics.csv
20260709T084106Z_synthetic,synthetic,lalm_zero_prefix,5000,50,,0.64,,,,,,runs/20260709T084106Z_synthetic/metrics.csv
20260709T084106Z_synthetic,synthetic,lalm_random_prefix,5000,50,,0.58,,,,,,runs/20260709T084106Z_synthetic/metrics.csv
20260709T084106Z_synthetic,synthetic,lalm_permuted_prefix,5000,50,,0.58,,,,,,runs/20260709T084106Z_synthetic/metrics.csv
20260709T090013Z_multi_seed,synthetic,lalm,5000,,3,,0.0,0.72,,,,runs/20260709T090013Z_multi_seed/metrics.csv
20260709T090013Z_multi_seed,synthetic,lalm_permuted_prefix,5000,,3,,0.011547005383792526,0.5933333333333333,,,,runs/20260709T090013Z_multi_seed/metrics.csv
20260709T090013Z_multi_seed,synthetic,lalm_random_prefix,5000,,3,,0.023094010767585053,0.5933333333333333,,,,runs/20260709T090013Z_multi_seed/metrics.csv
20260709T090013Z_multi_seed,synthetic,lalm_zero_prefix,5000,,3,,0.04163331998932263,0.6866666666666666,,,,runs/20260709T090013Z_multi_seed/metrics.csv
20260709T090013Z_multi_seed,synthetic,lexical_only,5000,,3,,0.020000000000000018,0.66,,,,runs/20260709T090013Z_multi_seed/metrics.csv
20260709T090100Z_synthetic,synthetic,lexical_only,1000,50,,0.64,,,,,,runs/20260709T090100Z_synthetic/metrics.csv
20260709T090100Z_synthetic,synthetic,lalm,1000,50,,0.74,,,,,,runs/20260709T090100Z_synthetic/metrics.csv
20260709T090100Z_synthetic,synthetic,lalm_zero_prefix,1000,50,,0.72,,,,,,runs/20260709T090100Z_synthetic/metrics.csv
20260709T090100Z_synthetic,synthetic,lalm_random_prefix,1000,50,,0.6,,,,,,runs/20260709T090100Z_synthetic/metrics.csv
20260709T090100Z_synthetic,synthetic,lalm_permuted_prefix,1000,50,,0.64,,,,,,runs/20260709T090100Z_synthetic/metrics.csv
20260709T090609Z_synthetic,synthetic,lexical_only,1000,50,,0.72,,,,,,runs/20260709T090609Z_synthetic/metrics.csv
20260709T090609Z_synthetic,synthetic,lalm,1000,50,,0.72,,,,,,runs/20260709T090609Z_synthetic/metrics.csv
20260709T090609Z_synthetic,synthetic,lalm_zero_prefix,1000,50,,0.62,,,,,,runs/20260709T090609Z_synthetic/metrics.csv
20260709T090609Z_synthetic,synthetic,lalm_random_prefix,1000,50,,0.68,,,,,,runs/20260709T090609Z_synthetic/metrics.csv
20260709T090609Z_synthetic,synthetic,lalm_permuted_prefix,1000,50,,0.68,,,,,,runs/20260709T090609Z_synthetic/metrics.csv
20260709T091124Z_synthetic,synthetic,lexical_only,1000,50,,0.66,,,,,,runs/20260709T091124Z_synthetic/metrics.csv
20260709T091124Z_synthetic,synthetic,lalm,1000,50,,0.78,,,,,,runs/20260709T091124Z_synthetic/metrics.csv
20260709T091124Z_synthetic,synthetic,lalm_zero_prefix,1000,50,,0.76,,,,,,runs/20260709T091124Z_synthetic/metrics.csv
20260709T091124Z_synthetic,synthetic,lalm_random_prefix,1000,50,,0.62,,,,,,runs/20260709T091124Z_synthetic/metrics.csv
20260709T091124Z_synthetic,synthetic,lalm_permuted_prefix,1000,50,,0.64,,,,,,runs/20260709T091124Z_synthetic/metrics.csv
20260709T091658Z_multi_seed,synthetic,lalm,1000,,3,,0.03055050463303896,0.7466666666666667,,,,runs/20260709T091658Z_multi_seed/metrics.csv
20260709T091658Z_multi_seed,synthetic,lalm_permuted_prefix,1000,,3,,0.023094010767585053,0.6533333333333333,,,,runs/20260709T091658Z_multi_seed/metrics.csv
20260709T091658Z_multi_seed,synthetic,lalm_random_prefix,1000,,3,,0.04163331998932269,0.6333333333333333,,,,runs/20260709T091658Z_multi_seed/metrics.csv
20260709T091658Z_multi_seed,synthetic,lalm_zero_prefix,1000,,3,,0.0721110255092798,0.7,,,,runs/20260709T091658Z_multi_seed/metrics.csv
20260709T091658Z_multi_seed,synthetic,lexical_only,1000,,3,,0.04163331998932263,0.6733333333333333,,,,runs/20260709T091658Z_multi_seed/metrics.csv
20260709T092057Z_synthetic,synthetic,lexical_only,1000,50,,0.64,,,,,,runs/20260709T092057Z_synthetic/metrics.csv
20260709T092057Z_synthetic,synthetic,lalm,1000,50,,0.7,,,,,,runs/20260709T092057Z_synthetic/metrics.csv
20260709T092057Z_synthetic,synthetic,lalm_zero_prefix,1000,50,,0.72,,,,,,runs/20260709T092057Z_synthetic/metrics.csv
20260709T092057Z_synthetic,synthetic,lalm_random_prefix,1000,50,,0.58,,,,,,runs/20260709T092057Z_synthetic/metrics.csv
20260709T092057Z_synthetic,synthetic,lalm_permuted_prefix,1000,50,,0.58,,,,,,runs/20260709T092057Z_synthetic/metrics.csv
20260709T092625Z_synthetic,synthetic,lexical_only,1000,50,,0.72,,,,,,runs/20260709T092625Z_synthetic/metrics.csv
20260709T092625Z_synthetic,synthetic,lalm,1000,50,,0.72,,,,,,runs/20260709T092625Z_synthetic/metrics.csv
20260709T092625Z_synthetic,synthetic,lalm_zero_prefix,1000,50,,0.62,,,,,,runs/20260709T092625Z_synthetic/metrics.csv
20260709T092625Z_synthetic,synthetic,lalm_random_prefix,1000,50,,0.62,,,,,,runs/20260709T092625Z_synthetic/metrics.csv
20260709T092625Z_synthetic,synthetic,lalm_permuted_prefix,1000,50,,0.56,,,,,,runs/20260709T092625Z_synthetic/metrics.csv
20260709T093247Z_synthetic,synthetic,lexical_only,1000,50,,0.66,,,,,,runs/20260709T093247Z_synthetic/metrics.csv
20260709T093247Z_synthetic,synthetic,lalm,1000,50,,0.74,,,,,,runs/20260709T093247Z_synthetic/metrics.csv
20260709T093247Z_synthetic,synthetic,lalm_zero_prefix,1000,50,,0.76,,,,,,runs/20260709T093247Z_synthetic/metrics.csv
20260709T093247Z_synthetic,synthetic,lalm_random_prefix,1000,50,,0.56,,,,,,runs/20260709T093247Z_synthetic/metrics.csv
20260709T093247Z_synthetic,synthetic,lalm_permuted_prefix,1000,50,,0.54,,,,,,runs/20260709T093247Z_synthetic/metrics.csv
20260709T093908Z_multi_seed,synthetic,lalm,1000,,3,,0.020000000000000018,0.72,,,,runs/20260709T093908Z_multi_seed/metrics.csv
20260709T093908Z_multi_seed,synthetic,lalm_permuted_prefix,1000,,3,,0.019999999999999962,0.56,,,,runs/20260709T093908Z_multi_seed/metrics.csv
20260709T093908Z_multi_seed,synthetic,lalm_random_prefix,1000,,3,,0.030550504633038912,0.5866666666666667,,,,runs/20260709T093908Z_multi_seed/metrics.csv
20260709T093908Z_multi_seed,synthetic,lalm_zero_prefix,1000,,3,,0.0721110255092798,0.7,,,,runs/20260709T093908Z_multi_seed/metrics.csv
20260709T093908Z_multi_seed,synthetic,lexical_only,1000,,3,,0.04163331998932263,0.6733333333333333,,,,runs/20260709T093908Z_multi_seed/metrics.csv
20260709T094752Z_longmemeval,longmemeval,vanilla,,450,,,,,0.018519825131538763,0.0022222222222222222,,runs/20260709T094752Z_longmemeval/metrics.csv
20260709T094752Z_longmemeval,longmemeval,window,,450,,,,,0.07452022150559388,0.0,,runs/20260709T094752Z_longmemeval/metrics.csv
20260709T094752Z_longmemeval,longmemeval,rag,,450,,,,,0.19534580117789097,0.13333333333333333,,runs/20260709T094752Z_longmemeval/metrics.csv
20260709T094752Z_longmemeval,longmemeval,pure_liquid,,450,,,,,0.07843563177148719,0.04888888888888889,,runs/20260709T094752Z_longmemeval/metrics.csv
20260709T094752Z_longmemeval,longmemeval,lexical_only,,450,,,,,0.18559121650441493,0.12222222222222222,,runs/20260709T094752Z_longmemeval/metrics.csv
20260709T094752Z_longmemeval,longmemeval,lalm,,450,,,,,0.20028564666566356,0.13111111111111112,,runs/20260709T094752Z_longmemeval/metrics.csv
20260709T103718Z_longmemeval,longmemeval,vanilla,,450,,,,,0.018519825131538763,0.0022222222222222222,,runs/20260709T103718Z_longmemeval/metrics.csv
20260709T103718Z_longmemeval,longmemeval,window,,450,,,,,0.07452022150559388,0.0,,runs/20260709T103718Z_longmemeval/metrics.csv
20260709T103718Z_longmemeval,longmemeval,rag,,450,,,,,0.19534580117789097,0.13333333333333333,,runs/20260709T103718Z_longmemeval/metrics.csv
20260709T103718Z_longmemeval,longmemeval,pure_liquid,,450,,,,,0.08071523652138565,0.04666666666666667,,runs/20260709T103718Z_longmemeval/metrics.csv
20260709T103718Z_longmemeval,longmemeval,lexical_only,,450,,,,,0.18559121650441493,0.12222222222222222,,runs/20260709T103718Z_longmemeval/metrics.csv
20260709T103718Z_longmemeval,longmemeval,lalm,,450,,,,,0.20456071993371647,0.1288888888888889,,runs/20260709T103718Z_longmemeval/metrics.csv
20260709T112355Z_locomo,locomo,vanilla,,1986,,,,,0.0039273038140107625,0.0,0.22822498819033385,runs/20260709T112355Z_locomo/metrics.csv
20260709T112355Z_locomo,locomo,window,,1986,,,,,0.04052641636069287,0.014098690835850957,0.23383467815589581,runs/20260709T112355Z_locomo/metrics.csv
20260709T112355Z_locomo,locomo,rag,,1986,,,,,0.1710492750370817,0.06445115810674723,0.31408322629000773,runs/20260709T112355Z_locomo/metrics.csv
20260709T112355Z_locomo,locomo,pure_liquid,,1986,,,,,0.03046269171387648,0.012588116817724069,0.15083942436661468,runs/20260709T112355Z_locomo/metrics.csv
20260709T112355Z_locomo,locomo,lexical_only,,1986,,,,,0.15711918671596342,0.05689828801611279,0.3120277341752542,runs/20260709T112355Z_locomo/metrics.csv
20260709T112355Z_locomo,locomo,lalm,,1986,,,,,0.1814013485536304,0.07200402819738168,0.3241026935696395,runs/20260709T112355Z_locomo/metrics.csv
20260709T120339Z_locomo,locomo,lalm,,1986,,,,,0.17507906237405546,0.07150050352467271,0.31781273561609824,runs/20260709T120339Z_locomo/metrics.csv
20260709T121055Z_locomo,locomo,pure_liquid,,1986,,,,,0.030624736946333195,0.013595166163141994,0.0404148636356112,runs/20260709T121055Z_locomo/metrics.csv
20260721T051816Z_synthetic,synthetic,pure_liquid,5000,50,,0.0,,,,,,runs/20260721T051816Z_synthetic/metrics.csv
20260721T052242Z_synthetic,synthetic,pure_liquid,5000,50,,0.0,,,,,,runs/20260721T052242Z_synthetic/metrics.csv
20260721T052630Z_synthetic,synthetic,pure_liquid,5000,50,,0.0,,,,,,runs/20260721T052630Z_synthetic/metrics.csv
20260721T053144Z_synthetic,synthetic,pure_liquid,5000,50,,0.16,,,,,,runs/20260721T053144Z_synthetic/metrics.csv
20260721T053530Z_synthetic,synthetic,pure_liquid,5000,50,,0.16,,,,,,runs/20260721T053530Z_synthetic/metrics.csv
20260721T053919Z_synthetic,synthetic,pure_liquid,5000,50,,0.16,,,,,,runs/20260721T053919Z_synthetic/metrics.csv
20260924T151125Z_longmemeval,longmemeval,bounded_rag,,450,,,,,0.19114104387973666,0.13111111111111112,,runs/20260924T151125Z_longmemeval/metrics.csv
20260924T151516Z_locomo,locomo,bounded_rag,,1986,,,,,0.15319831581092647,0.05740181268882175,0.2981064498586807,runs/20260924T151516Z_locomo/metrics.csv
20260924T152808Z_synthetic,synthetic,bounded_rag,100,100,,0.65,,,,,,runs/20260924T152808Z_synthetic/metrics.csv
20260924T152808Z_synthetic,synthetic,bounded_rag,500,75,,0.5733333333333334,,,,,,runs/20260924T152808Z_synthetic/metrics.csv
20260924T152808Z_synthetic,synthetic,bounded_rag,1000,50,,0.2,,,,,,runs/20260924T152808Z_synthetic/metrics.csv
20260924T152808Z_synthetic,synthetic,bounded_rag,5000,50,,0.0,,,,,,runs/20260924T152808Z_synthetic/metrics.csv
20260924T153037Z_synthetic,synthetic,bounded_rag,100,100,,0.67,,,,,,runs/20260924T153037Z_synthetic/metrics.csv
20260924T153037Z_synthetic,synthetic,bounded_rag,500,75,,0.68,,,,,,runs/20260924T153037Z_synthetic/metrics.csv
20260924T153037Z_synthetic,synthetic,bounded_rag,1000,50,,0.24,,,,,,runs/20260924T153037Z_synthetic/metrics.csv
20260924T153037Z_synthetic,synthetic,bounded_rag,5000,50,,0.0,,,,,,runs/20260924T153037Z_synthetic/metrics.csv
20260924T153248Z_synthetic,synthetic,bounded_rag,100,100,,0.67,,,,,,runs/20260924T153248Z_synthetic/metrics.csv
20260924T153248Z_synthetic,synthetic,bounded_rag,500,75,,0.6533333333333333,,,,,,runs/20260924T153248Z_synthetic/metrics.csv
20260924T153248Z_synthetic,synthetic,bounded_rag,1000,50,,0.18,,,,,,runs/20260924T153248Z_synthetic/metrics.csv
20260924T153248Z_synthetic,synthetic,bounded_rag,5000,50,,0.0,,,,,,runs/20260924T153248Z_synthetic/metrics.csv
20260924T153458Z_multi_seed,synthetic,bounded_rag,100,,3,,0.011547005383792526,0.6633333333333333,,,,runs/20260924T153458Z_multi_seed/metrics.csv
20260924T153458Z_multi_seed,synthetic,bounded_rag,500,,3,,0.05551109331909687,0.6355555555555555,,,,runs/20260924T153458Z_multi_seed/metrics.csv
20260924T153458Z_multi_seed,synthetic,bounded_rag,1000,,3,,0.03055050463303893,0.20666666666666667,,,,runs/20260924T153458Z_multi_seed/metrics.csv
20260924T153458Z_multi_seed,synthetic,bounded_rag,5000,,3,,0.0,0.0,,,,runs/20260924T153458Z_multi_seed/metrics.csv
