experiment,training_seed,agent,horizon,question_type,metric,value,source_file,source_sha256
synthetic,7,lalm,100,,accuracy,0.7333333333333333,runs/20260709T063916Z_multi_seed/metrics.csv,6af0d0d2bf9bf267342381304c0f5d197703a73126ea9833d8be68e0002f8657
synthetic,,lexical_only,100,,accuracy,0.7266666666666667,runs/20260709T063916Z_multi_seed/metrics.csv,6af0d0d2bf9bf267342381304c0f5d197703a73126ea9833d8be68e0002f8657
synthetic,7,pure_liquid,100,,accuracy,0.15,runs/20260709T063916Z_multi_seed/metrics.csv,6af0d0d2bf9bf267342381304c0f5d197703a73126ea9833d8be68e0002f8657
synthetic,,rag,100,,accuracy,0.6633333333333333,runs/20260709T063916Z_multi_seed/metrics.csv,6af0d0d2bf9bf267342381304c0f5d197703a73126ea9833d8be68e0002f8657
synthetic,,vanilla,100,,accuracy,0.0,runs/20260709T063916Z_multi_seed/metrics.csv,6af0d0d2bf9bf267342381304c0f5d197703a73126ea9833d8be68e0002f8657
synthetic,,window,100,,accuracy,0.18333333333333335,runs/20260709T063916Z_multi_seed/metrics.csv,6af0d0d2bf9bf267342381304c0f5d197703a73126ea9833d8be68e0002f8657
synthetic,7,lalm,500,,accuracy,0.6933333333333334,runs/20260709T063916Z_multi_seed/metrics.csv,6af0d0d2bf9bf267342381304c0f5d197703a73126ea9833d8be68e0002f8657
synthetic,,lexical_only,500,,accuracy,0.6666666666666667,runs/20260709T063916Z_multi_seed/metrics.csv,6af0d0d2bf9bf267342381304c0f5d197703a73126ea9833d8be68e0002f8657
synthetic,7,pure_liquid,500,,accuracy,0.14222222222222222,runs/20260709T063916Z_multi_seed/metrics.csv,6af0d0d2bf9bf267342381304c0f5d197703a73126ea9833d8be68e0002f8657
synthetic,,rag,500,,accuracy,0.6311111111111112,runs/20260709T063916Z_multi_seed/metrics.csv,6af0d0d2bf9bf267342381304c0f5d197703a73126ea9833d8be68e0002f8657
synthetic,,vanilla,500,,accuracy,0.0,runs/20260709T063916Z_multi_seed/metrics.csv,6af0d0d2bf9bf267342381304c0f5d197703a73126ea9833d8be68e0002f8657
synthetic,,window,500,,accuracy,0.0,runs/20260709T063916Z_multi_seed/metrics.csv,6af0d0d2bf9bf267342381304c0f5d197703a73126ea9833d8be68e0002f8657
synthetic,7,lalm,1000,,accuracy,0.72,runs/20260709T063916Z_multi_seed/metrics.csv,6af0d0d2bf9bf267342381304c0f5d197703a73126ea9833d8be68e0002f8657
synthetic,,lexical_only,1000,,accuracy,0.6733333333333333,runs/20260709T063916Z_multi_seed/metrics.csv,6af0d0d2bf9bf267342381304c0f5d197703a73126ea9833d8be68e0002f8657
synthetic,7,pure_liquid,1000,,accuracy,0.16,runs/20260709T063916Z_multi_seed/metrics.csv,6af0d0d2bf9bf267342381304c0f5d197703a73126ea9833d8be68e0002f8657
synthetic,,rag,1000,,accuracy,0.5866666666666667,runs/20260709T063916Z_multi_seed/metrics.csv,6af0d0d2bf9bf267342381304c0f5d197703a73126ea9833d8be68e0002f8657
synthetic,,vanilla,1000,,accuracy,0.0,runs/20260709T063916Z_multi_seed/metrics.csv,6af0d0d2bf9bf267342381304c0f5d197703a73126ea9833d8be68e0002f8657
synthetic,,window,1000,,accuracy,0.0,runs/20260709T063916Z_multi_seed/metrics.csv,6af0d0d2bf9bf267342381304c0f5d197703a73126ea9833d8be68e0002f8657
synthetic,7,lalm,5000,,accuracy,0.72,runs/20260709T063916Z_multi_seed/metrics.csv,6af0d0d2bf9bf267342381304c0f5d197703a73126ea9833d8be68e0002f8657
synthetic,,lexical_only,5000,,accuracy,0.66,runs/20260709T063916Z_multi_seed/metrics.csv,6af0d0d2bf9bf267342381304c0f5d197703a73126ea9833d8be68e0002f8657
synthetic,7,pure_liquid,5000,,accuracy,0.16,runs/20260709T063916Z_multi_seed/metrics.csv,6af0d0d2bf9bf267342381304c0f5d197703a73126ea9833d8be68e0002f8657
synthetic,,rag,5000,,accuracy,0.5866666666666667,runs/20260709T063916Z_multi_seed/metrics.csv,6af0d0d2bf9bf267342381304c0f5d197703a73126ea9833d8be68e0002f8657
synthetic,,vanilla,5000,,accuracy,0.0,runs/20260709T063916Z_multi_seed/metrics.csv,6af0d0d2bf9bf267342381304c0f5d197703a73126ea9833d8be68e0002f8657
synthetic,,window,5000,,accuracy,0.0,runs/20260709T063916Z_multi_seed/metrics.csv,6af0d0d2bf9bf267342381304c0f5d197703a73126ea9833d8be68e0002f8657
synthetic,13,lalm,100,,accuracy,0.8066666666666666,runs/20260708T103354Z_multi_seed/metrics.csv,d90d8c7125d67ca44b6cedb7de85882c48e1eb989286a1c8798b9b5d53a057bc
synthetic,13,pure_liquid,100,,accuracy,0.11333333333333333,runs/20260708T103354Z_multi_seed/metrics.csv,d90d8c7125d67ca44b6cedb7de85882c48e1eb989286a1c8798b9b5d53a057bc
synthetic,13,lalm,500,,accuracy,0.7422222222222222,runs/20260708T103354Z_multi_seed/metrics.csv,d90d8c7125d67ca44b6cedb7de85882c48e1eb989286a1c8798b9b5d53a057bc
synthetic,13,pure_liquid,500,,accuracy,0.10222222222222223,runs/20260708T103354Z_multi_seed/metrics.csv,d90d8c7125d67ca44b6cedb7de85882c48e1eb989286a1c8798b9b5d53a057bc
synthetic,13,lalm,1000,,accuracy,0.7466666666666667,runs/20260708T103354Z_multi_seed/metrics.csv,d90d8c7125d67ca44b6cedb7de85882c48e1eb989286a1c8798b9b5d53a057bc
synthetic,13,pure_liquid,1000,,accuracy,0.03333333333333333,runs/20260708T103354Z_multi_seed/metrics.csv,d90d8c7125d67ca44b6cedb7de85882c48e1eb989286a1c8798b9b5d53a057bc
synthetic,13,lalm,5000,,accuracy,0.7666666666666667,runs/20260708T103354Z_multi_seed/metrics.csv,d90d8c7125d67ca44b6cedb7de85882c48e1eb989286a1c8798b9b5d53a057bc
synthetic,13,pure_liquid,5000,,accuracy,0.0,runs/20260708T103354Z_multi_seed/metrics.csv,d90d8c7125d67ca44b6cedb7de85882c48e1eb989286a1c8798b9b5d53a057bc
synthetic,,bounded_rag,100,,accuracy,0.6633333333333333,runs/20260924T153458Z_multi_seed/metrics.csv,c9ca758ea2f7120a1d9efbb734c298f3d899652cbbc36c1278017db39edaeff7
synthetic,,bounded_rag,500,,accuracy,0.6355555555555555,runs/20260924T153458Z_multi_seed/metrics.csv,c9ca758ea2f7120a1d9efbb734c298f3d899652cbbc36c1278017db39edaeff7
synthetic,,bounded_rag,1000,,accuracy,0.20666666666666667,runs/20260924T153458Z_multi_seed/metrics.csv,c9ca758ea2f7120a1d9efbb734c298f3d899652cbbc36c1278017db39edaeff7
synthetic,,bounded_rag,5000,,accuracy,0.0,runs/20260924T153458Z_multi_seed/metrics.csv,c9ca758ea2f7120a1d9efbb734c298f3d899652cbbc36c1278017db39edaeff7
prefix_1000,7,lalm,1000,,accuracy,0.72,runs/20260709T093908Z_multi_seed/metrics.csv,72889a559f23be8218bf4b7b726ad231a2228a5c2411ef861d3b16196ea10b42
prefix_1000,7,lalm_permuted_prefix,1000,,accuracy,0.56,runs/20260709T093908Z_multi_seed/metrics.csv,72889a559f23be8218bf4b7b726ad231a2228a5c2411ef861d3b16196ea10b42
prefix_1000,7,lalm_random_prefix,1000,,accuracy,0.5866666666666667,runs/20260709T093908Z_multi_seed/metrics.csv,72889a559f23be8218bf4b7b726ad231a2228a5c2411ef861d3b16196ea10b42
prefix_1000,7,lalm_zero_prefix,1000,,accuracy,0.7,runs/20260709T093908Z_multi_seed/metrics.csv,72889a559f23be8218bf4b7b726ad231a2228a5c2411ef861d3b16196ea10b42
prefix_1000,,lexical_only,1000,,accuracy,0.6733333333333333,runs/20260709T093908Z_multi_seed/metrics.csv,72889a559f23be8218bf4b7b726ad231a2228a5c2411ef861d3b16196ea10b42
prefix_5000,7,lalm,5000,,accuracy,0.72,runs/20260709T090013Z_multi_seed/metrics.csv,1e7afc53a618bbded4cbb5fc7f839edec33403b52e06c2bf22603f5b6f44526b
prefix_5000,7,lalm_permuted_prefix,5000,,accuracy,0.5933333333333333,runs/20260709T090013Z_multi_seed/metrics.csv,1e7afc53a618bbded4cbb5fc7f839edec33403b52e06c2bf22603f5b6f44526b
prefix_5000,7,lalm_random_prefix,5000,,accuracy,0.5933333333333333,runs/20260709T090013Z_multi_seed/metrics.csv,1e7afc53a618bbded4cbb5fc7f839edec33403b52e06c2bf22603f5b6f44526b
prefix_5000,7,lalm_zero_prefix,5000,,accuracy,0.6866666666666666,runs/20260709T090013Z_multi_seed/metrics.csv,1e7afc53a618bbded4cbb5fc7f839edec33403b52e06c2bf22603f5b6f44526b
prefix_5000,,lexical_only,5000,,accuracy,0.66,runs/20260709T090013Z_multi_seed/metrics.csv,1e7afc53a618bbded4cbb5fc7f839edec33403b52e06c2bf22603f5b6f44526b
prefix_1000,13,lalm,1000,,accuracy,0.7466666666666667,runs/20260709T091658Z_multi_seed/metrics.csv,da58e298260f2a9ad1d0e85eca22a3fdb148350d377c0b4187449fb3bded18a4
prefix_1000,13,lalm_permuted_prefix,1000,,accuracy,0.6533333333333333,runs/20260709T091658Z_multi_seed/metrics.csv,da58e298260f2a9ad1d0e85eca22a3fdb148350d377c0b4187449fb3bded18a4
prefix_1000,13,lalm_random_prefix,1000,,accuracy,0.6333333333333333,runs/20260709T091658Z_multi_seed/metrics.csv,da58e298260f2a9ad1d0e85eca22a3fdb148350d377c0b4187449fb3bded18a4
prefix_1000,13,lalm_zero_prefix,1000,,accuracy,0.7,runs/20260709T091658Z_multi_seed/metrics.csv,da58e298260f2a9ad1d0e85eca22a3fdb148350d377c0b4187449fb3bded18a4
prefix_5000,13,lalm,5000,,accuracy,0.7666666666666667,runs/20260709T074140Z_multi_seed/metrics.csv,2d3f34254f00eb90014d493ef9ac26e55a53c191b3e72269448c87873fcc45bf
prefix_5000,13,lalm_permuted_prefix,5000,,accuracy,0.66,runs/20260709T074140Z_multi_seed/metrics.csv,2d3f34254f00eb90014d493ef9ac26e55a53c191b3e72269448c87873fcc45bf
prefix_5000,13,lalm_random_prefix,5000,,accuracy,0.64,runs/20260709T074140Z_multi_seed/metrics.csv,2d3f34254f00eb90014d493ef9ac26e55a53c191b3e72269448c87873fcc45bf
prefix_5000,13,lalm_zero_prefix,5000,,accuracy,0.6866666666666666,runs/20260709T074140Z_multi_seed/metrics.csv,2d3f34254f00eb90014d493ef9ac26e55a53c191b3e72269448c87873fcc45bf
longmemeval,,vanilla,,,diagnostic_token_f1,0.018519825131538763,runs/20260709T103718Z_longmemeval/metrics.csv,05f9a866c7bfcb4334928f4e8cea15f56c7b8aff88034df68f7d429c30084276
longmemeval,,vanilla,,,diagnostic_exact_match,0.0022222222222222222,runs/20260709T103718Z_longmemeval/metrics.csv,05f9a866c7bfcb4334928f4e8cea15f56c7b8aff88034df68f7d429c30084276
longmemeval,,window,,,diagnostic_token_f1,0.07452022150559388,runs/20260709T103718Z_longmemeval/metrics.csv,05f9a866c7bfcb4334928f4e8cea15f56c7b8aff88034df68f7d429c30084276
longmemeval,,window,,,diagnostic_exact_match,0.0,runs/20260709T103718Z_longmemeval/metrics.csv,05f9a866c7bfcb4334928f4e8cea15f56c7b8aff88034df68f7d429c30084276
longmemeval,,rag,,,diagnostic_token_f1,0.19534580117789097,runs/20260709T103718Z_longmemeval/metrics.csv,05f9a866c7bfcb4334928f4e8cea15f56c7b8aff88034df68f7d429c30084276
longmemeval,,rag,,,diagnostic_exact_match,0.13333333333333333,runs/20260709T103718Z_longmemeval/metrics.csv,05f9a866c7bfcb4334928f4e8cea15f56c7b8aff88034df68f7d429c30084276
longmemeval,7,pure_liquid,,,diagnostic_token_f1,0.08071523652138565,runs/20260709T103718Z_longmemeval/metrics.csv,05f9a866c7bfcb4334928f4e8cea15f56c7b8aff88034df68f7d429c30084276
longmemeval,7,pure_liquid,,,diagnostic_exact_match,0.04666666666666667,runs/20260709T103718Z_longmemeval/metrics.csv,05f9a866c7bfcb4334928f4e8cea15f56c7b8aff88034df68f7d429c30084276
longmemeval,,lexical_only,,,diagnostic_token_f1,0.18559121650441493,runs/20260709T103718Z_longmemeval/metrics.csv,05f9a866c7bfcb4334928f4e8cea15f56c7b8aff88034df68f7d429c30084276
longmemeval,,lexical_only,,,diagnostic_exact_match,0.12222222222222222,runs/20260709T103718Z_longmemeval/metrics.csv,05f9a866c7bfcb4334928f4e8cea15f56c7b8aff88034df68f7d429c30084276
longmemeval,7,lalm,,,diagnostic_token_f1,0.20456071993371647,runs/20260709T103718Z_longmemeval/metrics.csv,05f9a866c7bfcb4334928f4e8cea15f56c7b8aff88034df68f7d429c30084276
longmemeval,7,lalm,,,diagnostic_exact_match,0.1288888888888889,runs/20260709T103718Z_longmemeval/metrics.csv,05f9a866c7bfcb4334928f4e8cea15f56c7b8aff88034df68f7d429c30084276
longmemeval_types,,vanilla,,knowledge-update,diagnostic_token_f1,0.008040935672514621,runs/20260709T103718Z_longmemeval/per_type.csv,ba1ca398a7e3169a081fef431c49816b93170c90d5e7344f076517b11da380bd
longmemeval_types,,vanilla,,knowledge-update,diagnostic_exact_match,0.0,runs/20260709T103718Z_longmemeval/per_type.csv,ba1ca398a7e3169a081fef431c49816b93170c90d5e7344f076517b11da380bd
longmemeval_types,,vanilla,,multi-session,diagnostic_token_f1,0.013480851950531428,runs/20260709T103718Z_longmemeval/per_type.csv,ba1ca398a7e3169a081fef431c49816b93170c90d5e7344f076517b11da380bd
longmemeval_types,,vanilla,,multi-session,diagnostic_exact_match,0.0,runs/20260709T103718Z_longmemeval/per_type.csv,ba1ca398a7e3169a081fef431c49816b93170c90d5e7344f076517b11da380bd
longmemeval_types,,vanilla,,single-session-assistant,diagnostic_token_f1,0.009091237709658763,runs/20260709T103718Z_longmemeval/per_type.csv,ba1ca398a7e3169a081fef431c49816b93170c90d5e7344f076517b11da380bd
longmemeval_types,,vanilla,,single-session-assistant,diagnostic_exact_match,0.0,runs/20260709T103718Z_longmemeval/per_type.csv,ba1ca398a7e3169a081fef431c49816b93170c90d5e7344f076517b11da380bd
longmemeval_types,,vanilla,,single-session-preference,diagnostic_token_f1,0.04506513478779998,runs/20260709T103718Z_longmemeval/per_type.csv,ba1ca398a7e3169a081fef431c49816b93170c90d5e7344f076517b11da380bd
longmemeval_types,,vanilla,,single-session-preference,diagnostic_exact_match,0.0,runs/20260709T103718Z_longmemeval/per_type.csv,ba1ca398a7e3169a081fef431c49816b93170c90d5e7344f076517b11da380bd
longmemeval_types,,vanilla,,single-session-user,diagnostic_token_f1,0.030238309872177148,runs/20260709T103718Z_longmemeval/per_type.csv,ba1ca398a7e3169a081fef431c49816b93170c90d5e7344f076517b11da380bd
longmemeval_types,,vanilla,,single-session-user,diagnostic_exact_match,0.0,runs/20260709T103718Z_longmemeval/per_type.csv,ba1ca398a7e3169a081fef431c49816b93170c90d5e7344f076517b11da380bd
longmemeval_types,,vanilla,,temporal-reasoning,diagnostic_token_f1,0.025924401988700666,runs/20260709T103718Z_longmemeval/per_type.csv,ba1ca398a7e3169a081fef431c49816b93170c90d5e7344f076517b11da380bd
longmemeval_types,,vanilla,,temporal-reasoning,diagnostic_exact_match,0.007518796992481203,runs/20260709T103718Z_longmemeval/per_type.csv,ba1ca398a7e3169a081fef431c49816b93170c90d5e7344f076517b11da380bd
longmemeval_types,,window,,knowledge-update,diagnostic_token_f1,0.05532201427801383,runs/20260709T103718Z_longmemeval/per_type.csv,ba1ca398a7e3169a081fef431c49816b93170c90d5e7344f076517b11da380bd
longmemeval_types,,window,,knowledge-update,diagnostic_exact_match,0.0,runs/20260709T103718Z_longmemeval/per_type.csv,ba1ca398a7e3169a081fef431c49816b93170c90d5e7344f076517b11da380bd
longmemeval_types,,window,,multi-session,diagnostic_token_f1,0.04698527273979256,runs/20260709T103718Z_longmemeval/per_type.csv,ba1ca398a7e3169a081fef431c49816b93170c90d5e7344f076517b11da380bd
longmemeval_types,,window,,multi-session,diagnostic_exact_match,0.0,runs/20260709T103718Z_longmemeval/per_type.csv,ba1ca398a7e3169a081fef431c49816b93170c90d5e7344f076517b11da380bd
longmemeval_types,,window,,single-session-assistant,diagnostic_token_f1,0.07806457323146523,runs/20260709T103718Z_longmemeval/per_type.csv,ba1ca398a7e3169a081fef431c49816b93170c90d5e7344f076517b11da380bd
longmemeval_types,,window,,single-session-assistant,diagnostic_exact_match,0.0,runs/20260709T103718Z_longmemeval/per_type.csv,ba1ca398a7e3169a081fef431c49816b93170c90d5e7344f076517b11da380bd
longmemeval_types,,window,,single-session-preference,diagnostic_token_f1,0.17597440057379296,runs/20260709T103718Z_longmemeval/per_type.csv,ba1ca398a7e3169a081fef431c49816b93170c90d5e7344f076517b11da380bd
longmemeval_types,,window,,single-session-preference,diagnostic_exact_match,0.0,runs/20260709T103718Z_longmemeval/per_type.csv,ba1ca398a7e3169a081fef431c49816b93170c90d5e7344f076517b11da380bd
longmemeval_types,,window,,single-session-user,diagnostic_token_f1,0.0933588049533052,runs/20260709T103718Z_longmemeval/per_type.csv,ba1ca398a7e3169a081fef431c49816b93170c90d5e7344f076517b11da380bd
longmemeval_types,,window,,single-session-user,diagnostic_exact_match,0.0,runs/20260709T103718Z_longmemeval/per_type.csv,ba1ca398a7e3169a081fef431c49816b93170c90d5e7344f076517b11da380bd
longmemeval_types,,window,,temporal-reasoning,diagnostic_token_f1,0.08610463964058507,runs/20260709T103718Z_longmemeval/per_type.csv,ba1ca398a7e3169a081fef431c49816b93170c90d5e7344f076517b11da380bd
longmemeval_types,,window,,temporal-reasoning,diagnostic_exact_match,0.0,runs/20260709T103718Z_longmemeval/per_type.csv,ba1ca398a7e3169a081fef431c49816b93170c90d5e7344f076517b11da380bd
longmemeval_types,,rag,,knowledge-update,diagnostic_token_f1,0.32683261407957764,runs/20260709T103718Z_longmemeval/per_type.csv,ba1ca398a7e3169a081fef431c49816b93170c90d5e7344f076517b11da380bd
longmemeval_types,,rag,,knowledge-update,diagnostic_exact_match,0.21794871794871795,runs/20260709T103718Z_longmemeval/per_type.csv,ba1ca398a7e3169a081fef431c49816b93170c90d5e7344f076517b11da380bd
longmemeval_types,,rag,,multi-session,diagnostic_token_f1,0.07342956093228814,runs/20260709T103718Z_longmemeval/per_type.csv,ba1ca398a7e3169a081fef431c49816b93170c90d5e7344f076517b11da380bd
longmemeval_types,,rag,,multi-session,diagnostic_exact_match,0.06015037593984962,runs/20260709T103718Z_longmemeval/per_type.csv,ba1ca398a7e3169a081fef431c49816b93170c90d5e7344f076517b11da380bd
longmemeval_types,,rag,,single-session-assistant,diagnostic_token_f1,0.5542871095806744,runs/20260709T103718Z_longmemeval/per_type.csv,ba1ca398a7e3169a081fef431c49816b93170c90d5e7344f076517b11da380bd
longmemeval_types,,rag,,single-session-assistant,diagnostic_exact_match,0.4107142857142857,runs/20260709T103718Z_longmemeval/per_type.csv,ba1ca398a7e3169a081fef431c49816b93170c90d5e7344f076517b11da380bd
longmemeval_types,,rag,,single-session-preference,diagnostic_token_f1,0.04611419078680036,runs/20260709T103718Z_longmemeval/per_type.csv,ba1ca398a7e3169a081fef431c49816b93170c90d5e7344f076517b11da380bd
longmemeval_types,,rag,,single-session-preference,diagnostic_exact_match,0.0,runs/20260709T103718Z_longmemeval/per_type.csv,ba1ca398a7e3169a081fef431c49816b93170c90d5e7344f076517b11da380bd
longmemeval_types,,rag,,single-session-user,diagnostic_token_f1,0.24452402415789143,runs/20260709T103718Z_longmemeval/per_type.csv,ba1ca398a7e3169a081fef431c49816b93170c90d5e7344f076517b11da380bd
longmemeval_types,,rag,,single-session-user,diagnostic_exact_match,0.2,runs/20260709T103718Z_longmemeval/per_type.csv,ba1ca398a7e3169a081fef431c49816b93170c90d5e7344f076517b11da380bd
longmemeval_types,,rag,,temporal-reasoning,diagnostic_token_f1,0.11528233597421014,runs/20260709T103718Z_longmemeval/per_type.csv,ba1ca398a7e3169a081fef431c49816b93170c90d5e7344f076517b11da380bd
longmemeval_types,,rag,,temporal-reasoning,diagnostic_exact_match,0.06015037593984962,runs/20260709T103718Z_longmemeval/per_type.csv,ba1ca398a7e3169a081fef431c49816b93170c90d5e7344f076517b11da380bd
longmemeval_types,7,pure_liquid,,knowledge-update,diagnostic_token_f1,0.05562678062678062,runs/20260709T103718Z_longmemeval/per_type.csv,ba1ca398a7e3169a081fef431c49816b93170c90d5e7344f076517b11da380bd
longmemeval_types,7,pure_liquid,,knowledge-update,diagnostic_exact_match,0.02564102564102564,runs/20260709T103718Z_longmemeval/per_type.csv,ba1ca398a7e3169a081fef431c49816b93170c90d5e7344f076517b11da380bd
longmemeval_types,7,pure_liquid,,multi-session,diagnostic_token_f1,0.09078947368421052,runs/20260709T103718Z_longmemeval/per_type.csv,ba1ca398a7e3169a081fef431c49816b93170c90d5e7344f076517b11da380bd
longmemeval_types,7,pure_liquid,,multi-session,diagnostic_exact_match,0.07518796992481203,runs/20260709T103718Z_longmemeval/per_type.csv,ba1ca398a7e3169a081fef431c49816b93170c90d5e7344f076517b11da380bd
longmemeval_types,7,pure_liquid,,single-session-assistant,diagnostic_token_f1,0.04944088281245513,runs/20260709T103718Z_longmemeval/per_type.csv,ba1ca398a7e3169a081fef431c49816b93170c90d5e7344f076517b11da380bd
longmemeval_types,7,pure_liquid,,single-session-assistant,diagnostic_exact_match,0.0,runs/20260709T103718Z_longmemeval/per_type.csv,ba1ca398a7e3169a081fef431c49816b93170c90d5e7344f076517b11da380bd
longmemeval_types,7,pure_liquid,,single-session-preference,diagnostic_token_f1,0.006527327071576224,runs/20260709T103718Z_longmemeval/per_type.csv,ba1ca398a7e3169a081fef431c49816b93170c90d5e7344f076517b11da380bd
longmemeval_types,7,pure_liquid,,single-session-preference,diagnostic_exact_match,0.0,runs/20260709T103718Z_longmemeval/per_type.csv,ba1ca398a7e3169a081fef431c49816b93170c90d5e7344f076517b11da380bd
longmemeval_types,7,pure_liquid,,single-session-user,diagnostic_token_f1,0.0,runs/20260709T103718Z_longmemeval/per_type.csv,ba1ca398a7e3169a081fef431c49816b93170c90d5e7344f076517b11da380bd
longmemeval_types,7,pure_liquid,,single-session-user,diagnostic_exact_match,0.0,runs/20260709T103718Z_longmemeval/per_type.csv,ba1ca398a7e3169a081fef431c49816b93170c90d5e7344f076517b11da380bd
longmemeval_types,7,pure_liquid,,temporal-reasoning,diagnostic_token_f1,0.12739442327887124,runs/20260709T103718Z_longmemeval/per_type.csv,ba1ca398a7e3169a081fef431c49816b93170c90d5e7344f076517b11da380bd
longmemeval_types,7,pure_liquid,,temporal-reasoning,diagnostic_exact_match,0.06766917293233082,runs/20260709T103718Z_longmemeval/per_type.csv,ba1ca398a7e3169a081fef431c49816b93170c90d5e7344f076517b11da380bd
longmemeval_types,,lexical_only,,knowledge-update,diagnostic_token_f1,0.34109954373112267,runs/20260709T103718Z_longmemeval/per_type.csv,ba1ca398a7e3169a081fef431c49816b93170c90d5e7344f076517b11da380bd
longmemeval_types,,lexical_only,,knowledge-update,diagnostic_exact_match,0.21794871794871795,runs/20260709T103718Z_longmemeval/per_type.csv,ba1ca398a7e3169a081fef431c49816b93170c90d5e7344f076517b11da380bd
longmemeval_types,,lexical_only,,multi-session,diagnostic_token_f1,0.09703309030366178,runs/20260709T103718Z_longmemeval/per_type.csv,ba1ca398a7e3169a081fef431c49816b93170c90d5e7344f076517b11da380bd
longmemeval_types,,lexical_only,,multi-session,diagnostic_exact_match,0.07518796992481203,runs/20260709T103718Z_longmemeval/per_type.csv,ba1ca398a7e3169a081fef431c49816b93170c90d5e7344f076517b11da380bd
longmemeval_types,,lexical_only,,single-session-assistant,diagnostic_token_f1,0.4135836367579789,runs/20260709T103718Z_longmemeval/per_type.csv,ba1ca398a7e3169a081fef431c49816b93170c90d5e7344f076517b11da380bd
longmemeval_types,,lexical_only,,single-session-assistant,diagnostic_exact_match,0.2857142857142857,runs/20260709T103718Z_longmemeval/per_type.csv,ba1ca398a7e3169a081fef431c49816b93170c90d5e7344f076517b11da380bd
longmemeval_types,,lexical_only,,single-session-preference,diagnostic_token_f1,0.038460084076409225,runs/20260709T103718Z_longmemeval/per_type.csv,ba1ca398a7e3169a081fef431c49816b93170c90d5e7344f076517b11da380bd
longmemeval_types,,lexical_only,,single-session-preference,diagnostic_exact_match,0.0,runs/20260709T103718Z_longmemeval/per_type.csv,ba1ca398a7e3169a081fef431c49816b93170c90d5e7344f076517b11da380bd
longmemeval_types,,lexical_only,,single-session-user,diagnostic_token_f1,0.3969049765388438,runs/20260709T103718Z_longmemeval/per_type.csv,ba1ca398a7e3169a081fef431c49816b93170c90d5e7344f076517b11da380bd
longmemeval_types,,lexical_only,,single-session-user,diagnostic_exact_match,0.3,runs/20260709T103718Z_longmemeval/per_type.csv,ba1ca398a7e3169a081fef431c49816b93170c90d5e7344f076517b11da380bd
longmemeval_types,,lexical_only,,temporal-reasoning,diagnostic_token_f1,0.08836313003049744,runs/20260709T103718Z_longmemeval/per_type.csv,ba1ca398a7e3169a081fef431c49816b93170c90d5e7344f076517b11da380bd
longmemeval_types,,lexical_only,,temporal-reasoning,diagnostic_exact_match,0.045112781954887216,runs/20260709T103718Z_longmemeval/per_type.csv,ba1ca398a7e3169a081fef431c49816b93170c90d5e7344f076517b11da380bd
longmemeval_types,7,lalm,,knowledge-update,diagnostic_token_f1,0.30961806224964117,runs/20260709T103718Z_longmemeval/per_type.csv,ba1ca398a7e3169a081fef431c49816b93170c90d5e7344f076517b11da380bd
longmemeval_types,7,lalm,,knowledge-update,diagnostic_exact_match,0.19230769230769232,runs/20260709T103718Z_longmemeval/per_type.csv,ba1ca398a7e3169a081fef431c49816b93170c90d5e7344f076517b11da380bd
longmemeval_types,7,lalm,,multi-session,diagnostic_token_f1,0.07976074276815635,runs/20260709T103718Z_longmemeval/per_type.csv,ba1ca398a7e3169a081fef431c49816b93170c90d5e7344f076517b11da380bd
longmemeval_types,7,lalm,,multi-session,diagnostic_exact_match,0.045112781954887216,runs/20260709T103718Z_longmemeval/per_type.csv,ba1ca398a7e3169a081fef431c49816b93170c90d5e7344f076517b11da380bd
longmemeval_types,7,lalm,,single-session-assistant,diagnostic_token_f1,0.4677276222051558,runs/20260709T103718Z_longmemeval/per_type.csv,ba1ca398a7e3169a081fef431c49816b93170c90d5e7344f076517b11da380bd
longmemeval_types,7,lalm,,single-session-assistant,diagnostic_exact_match,0.32142857142857145,runs/20260709T103718Z_longmemeval/per_type.csv,ba1ca398a7e3169a081fef431c49816b93170c90d5e7344f076517b11da380bd
longmemeval_types,7,lalm,,single-session-preference,diagnostic_token_f1,0.05514370839104781,runs/20260709T103718Z_longmemeval/per_type.csv,ba1ca398a7e3169a081fef431c49816b93170c90d5e7344f076517b11da380bd
longmemeval_types,7,lalm,,single-session-preference,diagnostic_exact_match,0.0,runs/20260709T103718Z_longmemeval/per_type.csv,ba1ca398a7e3169a081fef431c49816b93170c90d5e7344f076517b11da380bd
longmemeval_types,7,lalm,,single-session-user,diagnostic_token_f1,0.5469049765388438,runs/20260709T103718Z_longmemeval/per_type.csv,ba1ca398a7e3169a081fef431c49816b93170c90d5e7344f076517b11da380bd
longmemeval_types,7,lalm,,single-session-user,diagnostic_exact_match,0.45,runs/20260709T103718Z_longmemeval/per_type.csv,ba1ca398a7e3169a081fef431c49816b93170c90d5e7344f076517b11da380bd
longmemeval_types,7,lalm,,temporal-reasoning,diagnostic_token_f1,0.13916374962810954,runs/20260709T103718Z_longmemeval/per_type.csv,ba1ca398a7e3169a081fef431c49816b93170c90d5e7344f076517b11da380bd
longmemeval_types,7,lalm,,temporal-reasoning,diagnostic_exact_match,0.07518796992481203,runs/20260709T103718Z_longmemeval/per_type.csv,ba1ca398a7e3169a081fef431c49816b93170c90d5e7344f076517b11da380bd
longmemeval,13,pure_liquid,,,diagnostic_token_f1,0.07843563177148719,runs/20260709T094752Z_longmemeval/metrics.csv,41a7b52ba6f16214e53a284522619c6324c7bee1b85d9c96d3301e27b9213d11
longmemeval,13,pure_liquid,,,diagnostic_exact_match,0.04888888888888889,runs/20260709T094752Z_longmemeval/metrics.csv,41a7b52ba6f16214e53a284522619c6324c7bee1b85d9c96d3301e27b9213d11
longmemeval,13,lalm,,,diagnostic_token_f1,0.20028564666566356,runs/20260709T094752Z_longmemeval/metrics.csv,41a7b52ba6f16214e53a284522619c6324c7bee1b85d9c96d3301e27b9213d11
longmemeval,13,lalm,,,diagnostic_exact_match,0.13111111111111112,runs/20260709T094752Z_longmemeval/metrics.csv,41a7b52ba6f16214e53a284522619c6324c7bee1b85d9c96d3301e27b9213d11
longmemeval_types,13,pure_liquid,,knowledge-update,diagnostic_token_f1,0.05434098065677013,runs/20260709T094752Z_longmemeval/per_type.csv,ff55289707c8a538b298da6f3091621bb9a67b2a739bef57d14cda7baf23fd23
longmemeval_types,13,pure_liquid,,knowledge-update,diagnostic_exact_match,0.02564102564102564,runs/20260709T094752Z_longmemeval/per_type.csv,ff55289707c8a538b298da6f3091621bb9a67b2a739bef57d14cda7baf23fd23
longmemeval_types,13,pure_liquid,,multi-session,diagnostic_token_f1,0.04784263355691927,runs/20260709T094752Z_longmemeval/per_type.csv,ff55289707c8a538b298da6f3091621bb9a67b2a739bef57d14cda7baf23fd23
longmemeval_types,13,pure_liquid,,multi-session,diagnostic_exact_match,0.03759398496240601,runs/20260709T094752Z_longmemeval/per_type.csv,ff55289707c8a538b298da6f3091621bb9a67b2a739bef57d14cda7baf23fd23
longmemeval_types,13,pure_liquid,,single-session-assistant,diagnostic_token_f1,0.1715711335141344,runs/20260709T094752Z_longmemeval/per_type.csv,ff55289707c8a538b298da6f3091621bb9a67b2a739bef57d14cda7baf23fd23
longmemeval_types,13,pure_liquid,,single-session-assistant,diagnostic_exact_match,0.125,runs/20260709T094752Z_longmemeval/per_type.csv,ff55289707c8a538b298da6f3091621bb9a67b2a739bef57d14cda7baf23fd23
longmemeval_types,13,pure_liquid,,single-session-preference,diagnostic_token_f1,0.02878910283489213,runs/20260709T094752Z_longmemeval/per_type.csv,ff55289707c8a538b298da6f3091621bb9a67b2a739bef57d14cda7baf23fd23
longmemeval_types,13,pure_liquid,,single-session-preference,diagnostic_exact_match,0.0,runs/20260709T094752Z_longmemeval/per_type.csv,ff55289707c8a538b298da6f3091621bb9a67b2a739bef57d14cda7baf23fd23
longmemeval_types,13,pure_liquid,,single-session-user,diagnostic_token_f1,0.025722095092804476,runs/20260709T094752Z_longmemeval/per_type.csv,ff55289707c8a538b298da6f3091621bb9a67b2a739bef57d14cda7baf23fd23
longmemeval_types,13,pure_liquid,,single-session-user,diagnostic_exact_match,0.0,runs/20260709T094752Z_longmemeval/per_type.csv,ff55289707c8a538b298da6f3091621bb9a67b2a739bef57d14cda7baf23fd23
longmemeval_types,13,pure_liquid,,temporal-reasoning,diagnostic_token_f1,0.10306969232463549,runs/20260709T094752Z_longmemeval/per_type.csv,ff55289707c8a538b298da6f3091621bb9a67b2a739bef57d14cda7baf23fd23
longmemeval_types,13,pure_liquid,,temporal-reasoning,diagnostic_exact_match,0.06015037593984962,runs/20260709T094752Z_longmemeval/per_type.csv,ff55289707c8a538b298da6f3091621bb9a67b2a739bef57d14cda7baf23fd23
longmemeval_types,13,lalm,,knowledge-update,diagnostic_token_f1,0.34203841966999865,runs/20260709T094752Z_longmemeval/per_type.csv,ff55289707c8a538b298da6f3091621bb9a67b2a739bef57d14cda7baf23fd23
longmemeval_types,13,lalm,,knowledge-update,diagnostic_exact_match,0.23076923076923078,runs/20260709T094752Z_longmemeval/per_type.csv,ff55289707c8a538b298da6f3091621bb9a67b2a739bef57d14cda7baf23fd23
longmemeval_types,13,lalm,,multi-session,diagnostic_token_f1,0.07127116776682324,runs/20260709T094752Z_longmemeval/per_type.csv,ff55289707c8a538b298da6f3091621bb9a67b2a739bef57d14cda7baf23fd23
longmemeval_types,13,lalm,,multi-session,diagnostic_exact_match,0.05263157894736842,runs/20260709T094752Z_longmemeval/per_type.csv,ff55289707c8a538b298da6f3091621bb9a67b2a739bef57d14cda7baf23fd23
longmemeval_types,13,lalm,,single-session-assistant,diagnostic_token_f1,0.44893111665903024,runs/20260709T094752Z_longmemeval/per_type.csv,ff55289707c8a538b298da6f3091621bb9a67b2a739bef57d14cda7baf23fd23
longmemeval_types,13,lalm,,single-session-assistant,diagnostic_exact_match,0.32142857142857145,runs/20260709T094752Z_longmemeval/per_type.csv,ff55289707c8a538b298da6f3091621bb9a67b2a739bef57d14cda7baf23fd23
longmemeval_types,13,lalm,,single-session-preference,diagnostic_token_f1,0.055374081875662874,runs/20260709T094752Z_longmemeval/per_type.csv,ff55289707c8a538b298da6f3091621bb9a67b2a739bef57d14cda7baf23fd23
longmemeval_types,13,lalm,,single-session-preference,diagnostic_exact_match,0.0,runs/20260709T094752Z_longmemeval/per_type.csv,ff55289707c8a538b298da6f3091621bb9a67b2a739bef57d14cda7baf23fd23
longmemeval_types,13,lalm,,single-session-user,diagnostic_token_f1,0.5802383098721771,runs/20260709T094752Z_longmemeval/per_type.csv,ff55289707c8a538b298da6f3091621bb9a67b2a739bef57d14cda7baf23fd23
longmemeval_types,13,lalm,,single-session-user,diagnostic_exact_match,0.45,runs/20260709T094752Z_longmemeval/per_type.csv,ff55289707c8a538b298da6f3091621bb9a67b2a739bef57d14cda7baf23fd23
longmemeval_types,13,lalm,,temporal-reasoning,diagnostic_token_f1,0.11702517117054209,runs/20260709T094752Z_longmemeval/per_type.csv,ff55289707c8a538b298da6f3091621bb9a67b2a739bef57d14cda7baf23fd23
longmemeval_types,13,lalm,,temporal-reasoning,diagnostic_exact_match,0.05263157894736842,runs/20260709T094752Z_longmemeval/per_type.csv,ff55289707c8a538b298da6f3091621bb9a67b2a739bef57d14cda7baf23fd23
longmemeval,,bounded_rag,,,diagnostic_token_f1,0.19114104387973666,runs/20260924T151125Z_longmemeval/metrics.csv,634a1a8531c4e7d53a31ea37ab50990c6e8aa8d6393ffcf397a5c6b08f422ed4
longmemeval,,bounded_rag,,,diagnostic_exact_match,0.13111111111111112,runs/20260924T151125Z_longmemeval/metrics.csv,634a1a8531c4e7d53a31ea37ab50990c6e8aa8d6393ffcf397a5c6b08f422ed4
longmemeval_types,,bounded_rag,,knowledge-update,diagnostic_token_f1,0.33901210125906484,runs/20260924T151125Z_longmemeval/per_type.csv,cb52a21c922f0a51bd9d379f1a75a09fbed6dc0fc526837ea5c94050f01bb646
longmemeval_types,,bounded_rag,,knowledge-update,diagnostic_exact_match,0.23076923076923078,runs/20260924T151125Z_longmemeval/per_type.csv,cb52a21c922f0a51bd9d379f1a75a09fbed6dc0fc526837ea5c94050f01bb646
longmemeval_types,,bounded_rag,,multi-session,diagnostic_token_f1,0.10225161607013275,runs/20260924T151125Z_longmemeval/per_type.csv,cb52a21c922f0a51bd9d379f1a75a09fbed6dc0fc526837ea5c94050f01bb646
longmemeval_types,,bounded_rag,,multi-session,diagnostic_exact_match,0.07518796992481203,runs/20260924T151125Z_longmemeval/per_type.csv,cb52a21c922f0a51bd9d379f1a75a09fbed6dc0fc526837ea5c94050f01bb646
longmemeval_types,,bounded_rag,,single-session-assistant,diagnostic_token_f1,0.47856098579782785,runs/20260924T151125Z_longmemeval/per_type.csv,cb52a21c922f0a51bd9d379f1a75a09fbed6dc0fc526837ea5c94050f01bb646
longmemeval_types,,bounded_rag,,single-session-assistant,diagnostic_exact_match,0.3392857142857143,runs/20260924T151125Z_longmemeval/per_type.csv,cb52a21c922f0a51bd9d379f1a75a09fbed6dc0fc526837ea5c94050f01bb646
longmemeval_types,,bounded_rag,,single-session-preference,diagnostic_token_f1,0.04322560955931083,runs/20260924T151125Z_longmemeval/per_type.csv,cb52a21c922f0a51bd9d379f1a75a09fbed6dc0fc526837ea5c94050f01bb646
longmemeval_types,,bounded_rag,,single-session-preference,diagnostic_exact_match,0.0,runs/20260924T151125Z_longmemeval/per_type.csv,cb52a21c922f0a51bd9d379f1a75a09fbed6dc0fc526837ea5c94050f01bb646
longmemeval_types,,bounded_rag,,single-session-user,diagnostic_token_f1,0.24452402415789143,runs/20260924T151125Z_longmemeval/per_type.csv,cb52a21c922f0a51bd9d379f1a75a09fbed6dc0fc526837ea5c94050f01bb646
longmemeval_types,,bounded_rag,,single-session-user,diagnostic_exact_match,0.2,runs/20260924T151125Z_longmemeval/per_type.csv,cb52a21c922f0a51bd9d379f1a75a09fbed6dc0fc526837ea5c94050f01bb646
longmemeval_types,,bounded_rag,,temporal-reasoning,diagnostic_token_f1,0.09762704462955842,runs/20260924T151125Z_longmemeval/per_type.csv,cb52a21c922f0a51bd9d379f1a75a09fbed6dc0fc526837ea5c94050f01bb646
longmemeval_types,,bounded_rag,,temporal-reasoning,diagnostic_exact_match,0.06015037593984962,runs/20260924T151125Z_longmemeval/per_type.csv,cb52a21c922f0a51bd9d379f1a75a09fbed6dc0fc526837ea5c94050f01bb646
locomo,,vanilla,,,diagnostic_token_f1,0.0039273038140107625,runs/20260709T112355Z_locomo/metrics.csv,81728f546a996adb5e435c0c90ae76a8c37e64ff6360a4827148a45898e77136
locomo,,vanilla,,,diagnostic_exact_match,0.0,runs/20260709T112355Z_locomo/metrics.csv,81728f546a996adb5e435c0c90ae76a8c37e64ff6360a4827148a45898e77136
locomo,,vanilla,,,locomo_official_qa_score,0.22822498819033385,runs/20260709T112355Z_locomo/metrics.csv,81728f546a996adb5e435c0c90ae76a8c37e64ff6360a4827148a45898e77136
locomo,,window,,,diagnostic_token_f1,0.04052641636069287,runs/20260709T112355Z_locomo/metrics.csv,81728f546a996adb5e435c0c90ae76a8c37e64ff6360a4827148a45898e77136
locomo,,window,,,diagnostic_exact_match,0.014098690835850957,runs/20260709T112355Z_locomo/metrics.csv,81728f546a996adb5e435c0c90ae76a8c37e64ff6360a4827148a45898e77136
locomo,,window,,,locomo_official_qa_score,0.23383467815589581,runs/20260709T112355Z_locomo/metrics.csv,81728f546a996adb5e435c0c90ae76a8c37e64ff6360a4827148a45898e77136
locomo,,rag,,,diagnostic_token_f1,0.1710492750370817,runs/20260709T112355Z_locomo/metrics.csv,81728f546a996adb5e435c0c90ae76a8c37e64ff6360a4827148a45898e77136
locomo,,rag,,,diagnostic_exact_match,0.06445115810674723,runs/20260709T112355Z_locomo/metrics.csv,81728f546a996adb5e435c0c90ae76a8c37e64ff6360a4827148a45898e77136
locomo,,rag,,,locomo_official_qa_score,0.31408322629000773,runs/20260709T112355Z_locomo/metrics.csv,81728f546a996adb5e435c0c90ae76a8c37e64ff6360a4827148a45898e77136
locomo,13,pure_liquid,,,diagnostic_token_f1,0.03046269171387648,runs/20260709T112355Z_locomo/metrics.csv,81728f546a996adb5e435c0c90ae76a8c37e64ff6360a4827148a45898e77136
locomo,13,pure_liquid,,,diagnostic_exact_match,0.012588116817724069,runs/20260709T112355Z_locomo/metrics.csv,81728f546a996adb5e435c0c90ae76a8c37e64ff6360a4827148a45898e77136
locomo,13,pure_liquid,,,locomo_official_qa_score,0.15083942436661468,runs/20260709T112355Z_locomo/metrics.csv,81728f546a996adb5e435c0c90ae76a8c37e64ff6360a4827148a45898e77136
locomo,,lexical_only,,,diagnostic_token_f1,0.15711918671596342,runs/20260709T112355Z_locomo/metrics.csv,81728f546a996adb5e435c0c90ae76a8c37e64ff6360a4827148a45898e77136
locomo,,lexical_only,,,diagnostic_exact_match,0.05689828801611279,runs/20260709T112355Z_locomo/metrics.csv,81728f546a996adb5e435c0c90ae76a8c37e64ff6360a4827148a45898e77136
locomo,,lexical_only,,,locomo_official_qa_score,0.3120277341752542,runs/20260709T112355Z_locomo/metrics.csv,81728f546a996adb5e435c0c90ae76a8c37e64ff6360a4827148a45898e77136
locomo,13,lalm,,,diagnostic_token_f1,0.1814013485536304,runs/20260709T112355Z_locomo/metrics.csv,81728f546a996adb5e435c0c90ae76a8c37e64ff6360a4827148a45898e77136
locomo,13,lalm,,,diagnostic_exact_match,0.07200402819738168,runs/20260709T112355Z_locomo/metrics.csv,81728f546a996adb5e435c0c90ae76a8c37e64ff6360a4827148a45898e77136
locomo,13,lalm,,,locomo_official_qa_score,0.3241026935696395,runs/20260709T112355Z_locomo/metrics.csv,81728f546a996adb5e435c0c90ae76a8c37e64ff6360a4827148a45898e77136
locomo_types,,vanilla,,category-2,locomo_official_qa_score,0.001557632398753894,runs/20260709T112355Z_locomo/predictions.jsonl,8beefc6ce3e8aa82b46d463f9be5b5a8190612243f118f4140d52d8a271cfb6b
locomo_types,,vanilla,,category-3,locomo_official_qa_score,0.040154443187531426,runs/20260709T112355Z_locomo/predictions.jsonl,8beefc6ce3e8aa82b46d463f9be5b5a8190612243f118f4140d52d8a271cfb6b
locomo_types,,vanilla,,category-1,locomo_official_qa_score,0.0070921985815602835,runs/20260709T112355Z_locomo/predictions.jsonl,8beefc6ce3e8aa82b46d463f9be5b5a8190612243f118f4140d52d8a271cfb6b
locomo_types,,vanilla,,category-4,locomo_official_qa_score,0.002259215219976219,runs/20260709T112355Z_locomo/predictions.jsonl,8beefc6ce3e8aa82b46d463f9be5b5a8190612243f118f4140d52d8a271cfb6b
locomo_types,,vanilla,,category-5,locomo_official_qa_score,0.9977578475336323,runs/20260709T112355Z_locomo/predictions.jsonl,8beefc6ce3e8aa82b46d463f9be5b5a8190612243f118f4140d52d8a271cfb6b
locomo_types,,window,,category-2,locomo_official_qa_score,0.03807388527014695,runs/20260709T112355Z_locomo/predictions.jsonl,8beefc6ce3e8aa82b46d463f9be5b5a8190612243f118f4140d52d8a271cfb6b
locomo_types,,window,,category-3,locomo_official_qa_score,0.05670261338153495,runs/20260709T112355Z_locomo/predictions.jsonl,8beefc6ce3e8aa82b46d463f9be5b5a8190612243f118f4140d52d8a271cfb6b
locomo_types,,window,,category-1,locomo_official_qa_score,0.04492636014186642,runs/20260709T112355Z_locomo/predictions.jsonl,8beefc6ce3e8aa82b46d463f9be5b5a8190612243f118f4140d52d8a271cfb6b
locomo_types,,window,,category-4,locomo_official_qa_score,0.05952588490042596,runs/20260709T112355Z_locomo/predictions.jsonl,8beefc6ce3e8aa82b46d463f9be5b5a8190612243f118f4140d52d8a271cfb6b
locomo_types,,window,,category-5,locomo_official_qa_score,0.8609865470852018,runs/20260709T112355Z_locomo/predictions.jsonl,8beefc6ce3e8aa82b46d463f9be5b5a8190612243f118f4140d52d8a271cfb6b
locomo_types,,rag,,category-2,locomo_official_qa_score,0.21023793844748098,runs/20260709T112355Z_locomo/predictions.jsonl,8beefc6ce3e8aa82b46d463f9be5b5a8190612243f118f4140d52d8a271cfb6b
locomo_types,,rag,,category-3,locomo_official_qa_score,0.07032226235426048,runs/20260709T112355Z_locomo/predictions.jsonl,8beefc6ce3e8aa82b46d463f9be5b5a8190612243f118f4140d52d8a271cfb6b
locomo_types,,rag,,category-1,locomo_official_qa_score,0.13408267726067266,runs/20260709T112355Z_locomo/predictions.jsonl,8beefc6ce3e8aa82b46d463f9be5b5a8190612243f118f4140d52d8a271cfb6b
locomo_types,,rag,,category-4,locomo_official_qa_score,0.2719627312684843,runs/20260709T112355Z_locomo/predictions.jsonl,8beefc6ce3e8aa82b46d463f9be5b5a8190612243f118f4140d52d8a271cfb6b
locomo_types,,rag,,category-5,locomo_official_qa_score,0.6345291479820628,runs/20260709T112355Z_locomo/predictions.jsonl,8beefc6ce3e8aa82b46d463f9be5b5a8190612243f118f4140d52d8a271cfb6b
locomo_types,13,pure_liquid,,category-2,locomo_official_qa_score,0.013707165109034268,runs/20260709T112355Z_locomo/predictions.jsonl,8beefc6ce3e8aa82b46d463f9be5b5a8190612243f118f4140d52d8a271cfb6b
locomo_types,13,pure_liquid,,category-3,locomo_official_qa_score,0.15491269691637338,runs/20260709T112355Z_locomo/predictions.jsonl,8beefc6ce3e8aa82b46d463f9be5b5a8190612243f118f4140d52d8a271cfb6b
locomo_types,13,pure_liquid,,category-1,locomo_official_qa_score,0.04774660455198628,runs/20260709T112355Z_locomo/predictions.jsonl,8beefc6ce3e8aa82b46d463f9be5b5a8190612243f118f4140d52d8a271cfb6b
locomo_types,13,pure_liquid,,category-4,locomo_official_qa_score,0.03665985184835293,runs/20260709T112355Z_locomo/predictions.jsonl,8beefc6ce3e8aa82b46d463f9be5b5a8190612243f118f4140d52d8a271cfb6b
locomo_types,13,pure_liquid,,category-5,locomo_official_qa_score,0.5291479820627802,runs/20260709T112355Z_locomo/predictions.jsonl,8beefc6ce3e8aa82b46d463f9be5b5a8190612243f118f4140d52d8a271cfb6b
locomo_types,,lexical_only,,category-2,locomo_official_qa_score,0.18161782834680032,runs/20260709T112355Z_locomo/predictions.jsonl,8beefc6ce3e8aa82b46d463f9be5b5a8190612243f118f4140d52d8a271cfb6b
locomo_types,,lexical_only,,category-3,locomo_official_qa_score,0.060833455533210436,runs/20260709T112355Z_locomo/predictions.jsonl,8beefc6ce3e8aa82b46d463f9be5b5a8190612243f118f4140d52d8a271cfb6b
locomo_types,,lexical_only,,category-1,locomo_official_qa_score,0.13745647057340335,runs/20260709T112355Z_locomo/predictions.jsonl,8beefc6ce3e8aa82b46d463f9be5b5a8190612243f118f4140d52d8a271cfb6b
locomo_types,,lexical_only,,category-4,locomo_official_qa_score,0.2482580508202664,runs/20260709T112355Z_locomo/predictions.jsonl,8beefc6ce3e8aa82b46d463f9be5b5a8190612243f118f4140d52d8a271cfb6b
locomo_types,,lexical_only,,category-5,locomo_official_qa_score,0.6905829596412556,runs/20260709T112355Z_locomo/predictions.jsonl,8beefc6ce3e8aa82b46d463f9be5b5a8190612243f118f4140d52d8a271cfb6b
locomo_types,13,lalm,,category-2,locomo_official_qa_score,0.18156839698895774,runs/20260709T112355Z_locomo/predictions.jsonl,8beefc6ce3e8aa82b46d463f9be5b5a8190612243f118f4140d52d8a271cfb6b
locomo_types,13,lalm,,category-3,locomo_official_qa_score,0.04376708616138763,runs/20260709T112355Z_locomo/predictions.jsonl,8beefc6ce3e8aa82b46d463f9be5b5a8190612243f118f4140d52d8a271cfb6b
locomo_types,13,lalm,,category-1,locomo_official_qa_score,0.15239121592652274,runs/20260709T112355Z_locomo/predictions.jsonl,8beefc6ce3e8aa82b46d463f9be5b5a8190612243f118f4140d52d8a271cfb6b
locomo_types,13,lalm,,category-4,locomo_official_qa_score,0.30226935889783113,runs/20260709T112355Z_locomo/predictions.jsonl,8beefc6ce3e8aa82b46d463f9be5b5a8190612243f118f4140d52d8a271cfb6b
locomo_types,13,lalm,,category-5,locomo_official_qa_score,0.6367713004484304,runs/20260709T112355Z_locomo/predictions.jsonl,8beefc6ce3e8aa82b46d463f9be5b5a8190612243f118f4140d52d8a271cfb6b
locomo,7,lalm,,,diagnostic_token_f1,0.17507906237405546,runs/20260709T120339Z_locomo/metrics.csv,69973fd01700f3a5a0a5c1b0c5b7a0cb1dde3883fe4058b53ad483f98c8c41f9
locomo,7,lalm,,,diagnostic_exact_match,0.07150050352467271,runs/20260709T120339Z_locomo/metrics.csv,69973fd01700f3a5a0a5c1b0c5b7a0cb1dde3883fe4058b53ad483f98c8c41f9
locomo,7,lalm,,,locomo_official_qa_score,0.31781273561609824,runs/20260709T120339Z_locomo/metrics.csv,69973fd01700f3a5a0a5c1b0c5b7a0cb1dde3883fe4058b53ad483f98c8c41f9
locomo_types,7,lalm,,category-2,locomo_official_qa_score,0.18596559102331506,runs/20260709T120339Z_locomo/predictions.jsonl,5bf3365e4bbb992323c03ffbc775bb5dae4ae8ee95f5945d9ab93d5150829e39
locomo_types,7,lalm,,category-3,locomo_official_qa_score,0.07953967680767883,runs/20260709T120339Z_locomo/predictions.jsonl,5bf3365e4bbb992323c03ffbc775bb5dae4ae8ee95f5945d9ab93d5150829e39
locomo_types,7,lalm,,category-1,locomo_official_qa_score,0.1406673806823522,runs/20260709T120339Z_locomo/predictions.jsonl,5bf3365e4bbb992323c03ffbc775bb5dae4ae8ee95f5945d9ab93d5150829e39
locomo_types,7,lalm,,category-4,locomo_official_qa_score,0.2855851699038364,runs/20260709T120339Z_locomo/predictions.jsonl,5bf3365e4bbb992323c03ffbc775bb5dae4ae8ee95f5945d9ab93d5150829e39
locomo_types,7,lalm,,category-5,locomo_official_qa_score,0.6367713004484304,runs/20260709T120339Z_locomo/predictions.jsonl,5bf3365e4bbb992323c03ffbc775bb5dae4ae8ee95f5945d9ab93d5150829e39
locomo,7,pure_liquid,,,diagnostic_token_f1,0.030624736946333195,runs/20260709T121055Z_locomo/metrics.csv,5912ec80a456851574e3192e334aa85d73bab126fc416bb0876cb6adefff5ccf
locomo,7,pure_liquid,,,diagnostic_exact_match,0.013595166163141994,runs/20260709T121055Z_locomo/metrics.csv,5912ec80a456851574e3192e334aa85d73bab126fc416bb0876cb6adefff5ccf
locomo,7,pure_liquid,,,locomo_official_qa_score,0.0404148636356112,runs/20260709T121055Z_locomo/metrics.csv,5912ec80a456851574e3192e334aa85d73bab126fc416bb0876cb6adefff5ccf
locomo_types,7,pure_liquid,,category-2,locomo_official_qa_score,0.01838006230529595,runs/20260709T121055Z_locomo/predictions.jsonl,e0557e739fb9c30ccd40780c3cfbb1f3028f359119224995614920b013f902fd
locomo_types,7,pure_liquid,,category-3,locomo_official_qa_score,0.19386446886446887,runs/20260709T121055Z_locomo/predictions.jsonl,e0557e739fb9c30ccd40780c3cfbb1f3028f359119224995614920b013f902fd
locomo_types,7,pure_liquid,,category-1,locomo_official_qa_score,0.035911540464915376,runs/20260709T121055Z_locomo/predictions.jsonl,e0557e739fb9c30ccd40780c3cfbb1f3028f359119224995614920b013f902fd
locomo_types,7,pure_liquid,,category-4,locomo_official_qa_score,0.03165978092536112,runs/20260709T121055Z_locomo/predictions.jsonl,e0557e739fb9c30ccd40780c3cfbb1f3028f359119224995614920b013f902fd
locomo_types,7,pure_liquid,,category-5,locomo_official_qa_score,0.042600896860986545,runs/20260709T121055Z_locomo/predictions.jsonl,e0557e739fb9c30ccd40780c3cfbb1f3028f359119224995614920b013f902fd
locomo,,bounded_rag,,,diagnostic_token_f1,0.15319831581092647,runs/20260924T151516Z_locomo/metrics.csv,14bdc500c020d7d3fab7898488048d0083f1c1f24b1a0b95dd23cc5d264da813
locomo,,bounded_rag,,,diagnostic_exact_match,0.05740181268882175,runs/20260924T151516Z_locomo/metrics.csv,14bdc500c020d7d3fab7898488048d0083f1c1f24b1a0b95dd23cc5d264da813
locomo,,bounded_rag,,,locomo_official_qa_score,0.2981064498586807,runs/20260924T151516Z_locomo/metrics.csv,14bdc500c020d7d3fab7898488048d0083f1c1f24b1a0b95dd23cc5d264da813
locomo_types,,bounded_rag,,category-2,locomo_official_qa_score,0.18812586913915,runs/20260924T151516Z_locomo/predictions.jsonl,e91c5eddfbc3f1dd928015dc6586422a31e99ef3553ce4143c3411ea3df733f7
locomo_types,,bounded_rag,,category-3,locomo_official_qa_score,0.06766274396694603,runs/20260924T151516Z_locomo/predictions.jsonl,e91c5eddfbc3f1dd928015dc6586422a31e99ef3553ce4143c3411ea3df733f7
locomo_types,,bounded_rag,,category-1,locomo_official_qa_score,0.12833845607916267,runs/20260924T151516Z_locomo/predictions.jsonl,e91c5eddfbc3f1dd928015dc6586422a31e99ef3553ce4143c3411ea3df733f7
locomo_types,,bounded_rag,,category-4,locomo_official_qa_score,0.2449036116415243,runs/20260924T151516Z_locomo/predictions.jsonl,e91c5eddfbc3f1dd928015dc6586422a31e99ef3553ce4143c3411ea3df733f7
locomo_types,,bounded_rag,,category-5,locomo_official_qa_score,0.6345291479820628,runs/20260924T151516Z_locomo/predictions.jsonl,e91c5eddfbc3f1dd928015dc6586422a31e99ef3553ce4143c3411ea3df733f7
synthetic,23,lalm,100,,accuracy,0.72,extension_seed_23/runs/20260930T104531Z_synthetic/metrics.csv,2a085e7bac721bf199815da7d54d7f9fab2a65e40a9b01abeb17e402e5a62efb
synthetic,23,pure_liquid,100,,accuracy,0.15,extension_seed_23/runs/20260930T104531Z_synthetic/metrics.csv,2a085e7bac721bf199815da7d54d7f9fab2a65e40a9b01abeb17e402e5a62efb
synthetic,23,lalm,500,,accuracy,0.6933333333333334,extension_seed_23/runs/20260930T104531Z_synthetic/metrics.csv,2a085e7bac721bf199815da7d54d7f9fab2a65e40a9b01abeb17e402e5a62efb
synthetic,23,pure_liquid,500,,accuracy,0.14666666666666667,extension_seed_23/runs/20260930T104531Z_synthetic/metrics.csv,2a085e7bac721bf199815da7d54d7f9fab2a65e40a9b01abeb17e402e5a62efb
synthetic,23,lalm,1000,,accuracy,0.62,extension_seed_23/runs/20260930T104531Z_synthetic/metrics.csv,2a085e7bac721bf199815da7d54d7f9fab2a65e40a9b01abeb17e402e5a62efb
synthetic,23,pure_liquid,1000,,accuracy,0.16,extension_seed_23/runs/20260930T104531Z_synthetic/metrics.csv,2a085e7bac721bf199815da7d54d7f9fab2a65e40a9b01abeb17e402e5a62efb
synthetic,23,lalm,5000,,accuracy,0.66,extension_seed_23/runs/20260930T104531Z_synthetic/metrics.csv,2a085e7bac721bf199815da7d54d7f9fab2a65e40a9b01abeb17e402e5a62efb
synthetic,23,pure_liquid,5000,,accuracy,0.16,extension_seed_23/runs/20260930T104531Z_synthetic/metrics.csv,2a085e7bac721bf199815da7d54d7f9fab2a65e40a9b01abeb17e402e5a62efb
synthetic,23,lalm,100,,accuracy,0.74,extension_seed_23/runs/20260930T105831Z_synthetic/metrics.csv,a5920ecda3970946ac14fb69849f6180e2a11e4de3f8a05afb770fb84e9c209c
synthetic,23,pure_liquid,100,,accuracy,0.15,extension_seed_23/runs/20260930T105831Z_synthetic/metrics.csv,a5920ecda3970946ac14fb69849f6180e2a11e4de3f8a05afb770fb84e9c209c
synthetic,23,lalm,500,,accuracy,0.6666666666666666,extension_seed_23/runs/20260930T105831Z_synthetic/metrics.csv,a5920ecda3970946ac14fb69849f6180e2a11e4de3f8a05afb770fb84e9c209c
synthetic,23,pure_liquid,500,,accuracy,0.14666666666666667,extension_seed_23/runs/20260930T105831Z_synthetic/metrics.csv,a5920ecda3970946ac14fb69849f6180e2a11e4de3f8a05afb770fb84e9c209c
synthetic,23,lalm,1000,,accuracy,0.7,extension_seed_23/runs/20260930T105831Z_synthetic/metrics.csv,a5920ecda3970946ac14fb69849f6180e2a11e4de3f8a05afb770fb84e9c209c
synthetic,23,pure_liquid,1000,,accuracy,0.16,extension_seed_23/runs/20260930T105831Z_synthetic/metrics.csv,a5920ecda3970946ac14fb69849f6180e2a11e4de3f8a05afb770fb84e9c209c
synthetic,23,lalm,5000,,accuracy,0.64,extension_seed_23/runs/20260930T105831Z_synthetic/metrics.csv,a5920ecda3970946ac14fb69849f6180e2a11e4de3f8a05afb770fb84e9c209c
synthetic,23,pure_liquid,5000,,accuracy,0.16,extension_seed_23/runs/20260930T105831Z_synthetic/metrics.csv,a5920ecda3970946ac14fb69849f6180e2a11e4de3f8a05afb770fb84e9c209c
synthetic,23,lalm,100,,accuracy,0.74,extension_seed_23/runs/20260930T111027Z_synthetic/metrics.csv,b5cfc0c0789e8050d441d3361c530da6f376720207ff693b47deb742f7ec935d
synthetic,23,pure_liquid,100,,accuracy,0.15,extension_seed_23/runs/20260930T111027Z_synthetic/metrics.csv,b5cfc0c0789e8050d441d3361c530da6f376720207ff693b47deb742f7ec935d
synthetic,23,lalm,500,,accuracy,0.6933333333333334,extension_seed_23/runs/20260930T111027Z_synthetic/metrics.csv,b5cfc0c0789e8050d441d3361c530da6f376720207ff693b47deb742f7ec935d
synthetic,23,pure_liquid,500,,accuracy,0.14666666666666667,extension_seed_23/runs/20260930T111027Z_synthetic/metrics.csv,b5cfc0c0789e8050d441d3361c530da6f376720207ff693b47deb742f7ec935d
synthetic,23,lalm,1000,,accuracy,0.68,extension_seed_23/runs/20260930T111027Z_synthetic/metrics.csv,b5cfc0c0789e8050d441d3361c530da6f376720207ff693b47deb742f7ec935d
synthetic,23,pure_liquid,1000,,accuracy,0.16,extension_seed_23/runs/20260930T111027Z_synthetic/metrics.csv,b5cfc0c0789e8050d441d3361c530da6f376720207ff693b47deb742f7ec935d
synthetic,23,lalm,5000,,accuracy,0.62,extension_seed_23/runs/20260930T111027Z_synthetic/metrics.csv,b5cfc0c0789e8050d441d3361c530da6f376720207ff693b47deb742f7ec935d
synthetic,23,pure_liquid,5000,,accuracy,0.16,extension_seed_23/runs/20260930T111027Z_synthetic/metrics.csv,b5cfc0c0789e8050d441d3361c530da6f376720207ff693b47deb742f7ec935d
prefix_1000,23,lalm_zero_prefix,1000,,accuracy,0.72,extension_seed_23/runs/20260930T112222Z_synthetic/metrics.csv,472a908235067b1c1781cc3aa90153123238d41f566f0d742decdc711a702b50
prefix_1000,23,lalm_random_prefix,1000,,accuracy,0.66,extension_seed_23/runs/20260930T112222Z_synthetic/metrics.csv,472a908235067b1c1781cc3aa90153123238d41f566f0d742decdc711a702b50
prefix_1000,23,lalm_permuted_prefix,1000,,accuracy,0.5,extension_seed_23/runs/20260930T112222Z_synthetic/metrics.csv,472a908235067b1c1781cc3aa90153123238d41f566f0d742decdc711a702b50
prefix_1000,23,lalm,1000,,accuracy,0.62,extension_seed_23/runs/20260930T112222Z_synthetic/metrics.csv,472a908235067b1c1781cc3aa90153123238d41f566f0d742decdc711a702b50
prefix_1000,23,lalm_zero_prefix,1000,,accuracy,0.64,extension_seed_23/runs/20260930T112705Z_synthetic/metrics.csv,f0d7fba16d38c3b49775c2df1f22cf4f5244c42cbb8e624dcae4b2130e218081
prefix_1000,23,lalm_random_prefix,1000,,accuracy,0.64,extension_seed_23/runs/20260930T112705Z_synthetic/metrics.csv,f0d7fba16d38c3b49775c2df1f22cf4f5244c42cbb8e624dcae4b2130e218081
prefix_1000,23,lalm_permuted_prefix,1000,,accuracy,0.54,extension_seed_23/runs/20260930T112705Z_synthetic/metrics.csv,f0d7fba16d38c3b49775c2df1f22cf4f5244c42cbb8e624dcae4b2130e218081
prefix_1000,23,lalm,1000,,accuracy,0.7,extension_seed_23/runs/20260930T112705Z_synthetic/metrics.csv,f0d7fba16d38c3b49775c2df1f22cf4f5244c42cbb8e624dcae4b2130e218081
prefix_1000,23,lalm_zero_prefix,1000,,accuracy,0.74,extension_seed_23/runs/20260930T113146Z_synthetic/metrics.csv,ab8510653743b600bafb438890a6e267dedafebe17027251bfd2e2ef1e2ca3af
prefix_1000,23,lalm_random_prefix,1000,,accuracy,0.64,extension_seed_23/runs/20260930T113146Z_synthetic/metrics.csv,ab8510653743b600bafb438890a6e267dedafebe17027251bfd2e2ef1e2ca3af
prefix_1000,23,lalm_permuted_prefix,1000,,accuracy,0.5,extension_seed_23/runs/20260930T113146Z_synthetic/metrics.csv,ab8510653743b600bafb438890a6e267dedafebe17027251bfd2e2ef1e2ca3af
prefix_1000,23,lalm,1000,,accuracy,0.68,extension_seed_23/runs/20260930T113146Z_synthetic/metrics.csv,ab8510653743b600bafb438890a6e267dedafebe17027251bfd2e2ef1e2ca3af
prefix_5000,23,lalm_zero_prefix,5000,,accuracy,0.7,extension_seed_23/runs/20260930T113624Z_synthetic/metrics.csv,8542e6d657359df80a612103325dae22eadab3969743119d4cea6dbba02003ff
prefix_5000,23,lalm_random_prefix,5000,,accuracy,0.68,extension_seed_23/runs/20260930T113624Z_synthetic/metrics.csv,8542e6d657359df80a612103325dae22eadab3969743119d4cea6dbba02003ff
prefix_5000,23,lalm_permuted_prefix,5000,,accuracy,0.54,extension_seed_23/runs/20260930T113624Z_synthetic/metrics.csv,8542e6d657359df80a612103325dae22eadab3969743119d4cea6dbba02003ff
prefix_5000,23,lalm,5000,,accuracy,0.66,extension_seed_23/runs/20260930T113624Z_synthetic/metrics.csv,8542e6d657359df80a612103325dae22eadab3969743119d4cea6dbba02003ff
prefix_5000,23,lalm_zero_prefix,5000,,accuracy,0.68,extension_seed_23/runs/20260930T115230Z_synthetic/metrics.csv,de160b36fae82ceb8052a389ad72ed6bb4a0a2ec3cd3ea6265feaf49674f5fc8
prefix_5000,23,lalm_random_prefix,5000,,accuracy,0.62,extension_seed_23/runs/20260930T115230Z_synthetic/metrics.csv,de160b36fae82ceb8052a389ad72ed6bb4a0a2ec3cd3ea6265feaf49674f5fc8
prefix_5000,23,lalm_permuted_prefix,5000,,accuracy,0.5,extension_seed_23/runs/20260930T115230Z_synthetic/metrics.csv,de160b36fae82ceb8052a389ad72ed6bb4a0a2ec3cd3ea6265feaf49674f5fc8
prefix_5000,23,lalm,5000,,accuracy,0.64,extension_seed_23/runs/20260930T115230Z_synthetic/metrics.csv,de160b36fae82ceb8052a389ad72ed6bb4a0a2ec3cd3ea6265feaf49674f5fc8
prefix_5000,23,lalm_zero_prefix,5000,,accuracy,0.64,extension_seed_23/runs/20260930T120836Z_synthetic/metrics.csv,609e16ddff02c0f5fe649fad6e8a55a82c24ca59787fc98cfd76cd9ce5c74db1
prefix_5000,23,lalm_random_prefix,5000,,accuracy,0.52,extension_seed_23/runs/20260930T120836Z_synthetic/metrics.csv,609e16ddff02c0f5fe649fad6e8a55a82c24ca59787fc98cfd76cd9ce5c74db1
prefix_5000,23,lalm_permuted_prefix,5000,,accuracy,0.52,extension_seed_23/runs/20260930T120836Z_synthetic/metrics.csv,609e16ddff02c0f5fe649fad6e8a55a82c24ca59787fc98cfd76cd9ce5c74db1
prefix_5000,23,lalm,5000,,accuracy,0.62,extension_seed_23/runs/20260930T120836Z_synthetic/metrics.csv,609e16ddff02c0f5fe649fad6e8a55a82c24ca59787fc98cfd76cd9ce5c74db1
longmemeval,23,lalm,,,diagnostic_token_f1,0.17210399699722642,extension_seed_23/runs/20260930T122443Z_longmemeval/metrics.csv,b1909a916459cb75184205ae65cd7106543a5abd674b30e2a9dd8c08676322f7
longmemeval,23,lalm,,,diagnostic_exact_match,0.11333333333333333,extension_seed_23/runs/20260930T122443Z_longmemeval/metrics.csv,b1909a916459cb75184205ae65cd7106543a5abd674b30e2a9dd8c08676322f7
longmemeval,23,pure_liquid,,,diagnostic_token_f1,0.09066964141809343,extension_seed_23/runs/20260930T122443Z_longmemeval/metrics.csv,b1909a916459cb75184205ae65cd7106543a5abd674b30e2a9dd8c08676322f7
longmemeval,23,pure_liquid,,,diagnostic_exact_match,0.057777777777777775,extension_seed_23/runs/20260930T122443Z_longmemeval/metrics.csv,b1909a916459cb75184205ae65cd7106543a5abd674b30e2a9dd8c08676322f7
longmemeval_types,23,lalm,,knowledge-update,diagnostic_token_f1,0.2697347973663763,extension_seed_23/runs/20260930T122443Z_longmemeval/per_type.csv,1c2d066b1af8d4c4649e5259956ce47a750a9000a5ea9eed8fb27564eb40d595
longmemeval_types,23,lalm,,knowledge-update,diagnostic_exact_match,0.1794871794871795,extension_seed_23/runs/20260930T122443Z_longmemeval/per_type.csv,1c2d066b1af8d4c4649e5259956ce47a750a9000a5ea9eed8fb27564eb40d595
longmemeval_types,23,lalm,,multi-session,diagnostic_token_f1,0.059515086473007836,extension_seed_23/runs/20260930T122443Z_longmemeval/per_type.csv,1c2d066b1af8d4c4649e5259956ce47a750a9000a5ea9eed8fb27564eb40d595
longmemeval_types,23,lalm,,multi-session,diagnostic_exact_match,0.03007518796992481,extension_seed_23/runs/20260930T122443Z_longmemeval/per_type.csv,1c2d066b1af8d4c4649e5259956ce47a750a9000a5ea9eed8fb27564eb40d595
longmemeval_types,23,lalm,,single-session-assistant,diagnostic_token_f1,0.4290930430263137,extension_seed_23/runs/20260930T122443Z_longmemeval/per_type.csv,1c2d066b1af8d4c4649e5259956ce47a750a9000a5ea9eed8fb27564eb40d595
longmemeval_types,23,lalm,,single-session-assistant,diagnostic_exact_match,0.30357142857142855,extension_seed_23/runs/20260930T122443Z_longmemeval/per_type.csv,1c2d066b1af8d4c4649e5259956ce47a750a9000a5ea9eed8fb27564eb40d595
longmemeval_types,23,lalm,,single-session-preference,diagnostic_token_f1,0.04630127952081892,extension_seed_23/runs/20260930T122443Z_longmemeval/per_type.csv,1c2d066b1af8d4c4649e5259956ce47a750a9000a5ea9eed8fb27564eb40d595
longmemeval_types,23,lalm,,single-session-preference,diagnostic_exact_match,0.0,extension_seed_23/runs/20260930T122443Z_longmemeval/per_type.csv,1c2d066b1af8d4c4649e5259956ce47a750a9000a5ea9eed8fb27564eb40d595
longmemeval_types,23,lalm,,single-session-user,diagnostic_token_f1,0.5469049765388438,extension_seed_23/runs/20260930T122443Z_longmemeval/per_type.csv,1c2d066b1af8d4c4649e5259956ce47a750a9000a5ea9eed8fb27564eb40d595
longmemeval_types,23,lalm,,single-session-user,diagnostic_exact_match,0.45,extension_seed_23/runs/20260930T122443Z_longmemeval/per_type.csv,1c2d066b1af8d4c4649e5259956ce47a750a9000a5ea9eed8fb27564eb40d595
longmemeval_types,23,lalm,,temporal-reasoning,diagnostic_token_f1,0.09124533554428191,extension_seed_23/runs/20260930T122443Z_longmemeval/per_type.csv,1c2d066b1af8d4c4649e5259956ce47a750a9000a5ea9eed8fb27564eb40d595
longmemeval_types,23,lalm,,temporal-reasoning,diagnostic_exact_match,0.05263157894736842,extension_seed_23/runs/20260930T122443Z_longmemeval/per_type.csv,1c2d066b1af8d4c4649e5259956ce47a750a9000a5ea9eed8fb27564eb40d595
longmemeval_types,23,pure_liquid,,knowledge-update,diagnostic_token_f1,0.06568516953132338,extension_seed_23/runs/20260930T122443Z_longmemeval/per_type.csv,1c2d066b1af8d4c4649e5259956ce47a750a9000a5ea9eed8fb27564eb40d595
longmemeval_types,23,pure_liquid,,knowledge-update,diagnostic_exact_match,0.02564102564102564,extension_seed_23/runs/20260930T122443Z_longmemeval/per_type.csv,1c2d066b1af8d4c4649e5259956ce47a750a9000a5ea9eed8fb27564eb40d595
longmemeval_types,23,pure_liquid,,multi-session,diagnostic_token_f1,0.06731113498030791,extension_seed_23/runs/20260930T122443Z_longmemeval/per_type.csv,1c2d066b1af8d4c4649e5259956ce47a750a9000a5ea9eed8fb27564eb40d595
longmemeval_types,23,pure_liquid,,multi-session,diagnostic_exact_match,0.06015037593984962,extension_seed_23/runs/20260930T122443Z_longmemeval/per_type.csv,1c2d066b1af8d4c4649e5259956ce47a750a9000a5ea9eed8fb27564eb40d595
longmemeval_types,23,pure_liquid,,single-session-assistant,diagnostic_token_f1,0.12343332575945358,extension_seed_23/runs/20260930T122443Z_longmemeval/per_type.csv,1c2d066b1af8d4c4649e5259956ce47a750a9000a5ea9eed8fb27564eb40d595
longmemeval_types,23,pure_liquid,,single-session-assistant,diagnostic_exact_match,0.07142857142857142,extension_seed_23/runs/20260930T122443Z_longmemeval/per_type.csv,1c2d066b1af8d4c4649e5259956ce47a750a9000a5ea9eed8fb27564eb40d595
longmemeval_types,23,pure_liquid,,single-session-preference,diagnostic_token_f1,0.014521542985165276,extension_seed_23/runs/20260930T122443Z_longmemeval/per_type.csv,1c2d066b1af8d4c4649e5259956ce47a750a9000a5ea9eed8fb27564eb40d595
longmemeval_types,23,pure_liquid,,single-session-preference,diagnostic_exact_match,0.0,extension_seed_23/runs/20260930T122443Z_longmemeval/per_type.csv,1c2d066b1af8d4c4649e5259956ce47a750a9000a5ea9eed8fb27564eb40d595
longmemeval_types,23,pure_liquid,,single-session-user,diagnostic_token_f1,0.06385281385281386,extension_seed_23/runs/20260930T122443Z_longmemeval/per_type.csv,1c2d066b1af8d4c4649e5259956ce47a750a9000a5ea9eed8fb27564eb40d595
longmemeval_types,23,pure_liquid,,single-session-user,diagnostic_exact_match,0.05,extension_seed_23/runs/20260930T122443Z_longmemeval/per_type.csv,1c2d066b1af8d4c4649e5259956ce47a750a9000a5ea9eed8fb27564eb40d595
longmemeval_types,23,pure_liquid,,temporal-reasoning,diagnostic_token_f1,0.13609432821937767,extension_seed_23/runs/20260930T122443Z_longmemeval/per_type.csv,1c2d066b1af8d4c4649e5259956ce47a750a9000a5ea9eed8fb27564eb40d595
longmemeval_types,23,pure_liquid,,temporal-reasoning,diagnostic_exact_match,0.08270676691729323,extension_seed_23/runs/20260930T122443Z_longmemeval/per_type.csv,1c2d066b1af8d4c4649e5259956ce47a750a9000a5ea9eed8fb27564eb40d595
locomo,23,lalm,,,diagnostic_token_f1,0.16342355317255322,extension_seed_23/runs/20260930T123545Z_locomo/metrics.csv,dd77177d0689fb96eadb99ad52e0f4fe0ddc25aa2c6c1484e2e183203360d73b
locomo,23,lalm,,,diagnostic_exact_match,0.05639476334340383,extension_seed_23/runs/20260930T123545Z_locomo/metrics.csv,dd77177d0689fb96eadb99ad52e0f4fe0ddc25aa2c6c1484e2e183203360d73b
locomo,23,lalm,,,locomo_official_qa_score,0.29082107950078906,extension_seed_23/runs/20260930T123545Z_locomo/metrics.csv,dd77177d0689fb96eadb99ad52e0f4fe0ddc25aa2c6c1484e2e183203360d73b
locomo,23,pure_liquid,,,diagnostic_token_f1,0.0390003118954183,extension_seed_23/runs/20260930T123545Z_locomo/metrics.csv,dd77177d0689fb96eadb99ad52e0f4fe0ddc25aa2c6c1484e2e183203360d73b
locomo,23,pure_liquid,,,diagnostic_exact_match,0.015609264853977844,extension_seed_23/runs/20260930T123545Z_locomo/metrics.csv,dd77177d0689fb96eadb99ad52e0f4fe0ddc25aa2c6c1484e2e183203360d73b
locomo,23,pure_liquid,,,locomo_official_qa_score,0.05275552944796473,extension_seed_23/runs/20260930T123545Z_locomo/metrics.csv,dd77177d0689fb96eadb99ad52e0f4fe0ddc25aa2c6c1484e2e183203360d73b
locomo_types,23,lalm,,category-2,locomo_official_qa_score,0.20363224420398693,extension_seed_23/runs/20260930T123545Z_locomo/predictions.jsonl,47099e3a0dadba628d87ae7671ce739613c5e967ffef27b05312d160c08338c6
locomo_types,23,lalm,,category-3,locomo_official_qa_score,0.04997793427351578,extension_seed_23/runs/20260930T123545Z_locomo/predictions.jsonl,47099e3a0dadba628d87ae7671ce739613c5e967ffef27b05312d160c08338c6
locomo_types,23,lalm,,category-1,locomo_official_qa_score,0.1356036807577126,extension_seed_23/runs/20260930T123545Z_locomo/predictions.jsonl,47099e3a0dadba628d87ae7671ce739613c5e967ffef27b05312d160c08338c6
locomo_types,23,lalm,,category-4,locomo_official_qa_score,0.2510898856541674,extension_seed_23/runs/20260930T123545Z_locomo/predictions.jsonl,47099e3a0dadba628d87ae7671ce739613c5e967ffef27b05312d160c08338c6
locomo_types,23,lalm,,category-5,locomo_official_qa_score,0.57847533632287,extension_seed_23/runs/20260930T123545Z_locomo/predictions.jsonl,47099e3a0dadba628d87ae7671ce739613c5e967ffef27b05312d160c08338c6
locomo_types,23,pure_liquid,,category-2,locomo_official_qa_score,0.017341640706126687,extension_seed_23/runs/20260930T123545Z_locomo/predictions.jsonl,47099e3a0dadba628d87ae7671ce739613c5e967ffef27b05312d160c08338c6
locomo_types,23,pure_liquid,,category-3,locomo_official_qa_score,0.1910020342312009,extension_seed_23/runs/20260930T123545Z_locomo/predictions.jsonl,47099e3a0dadba628d87ae7671ce739613c5e967ffef27b05312d160c08338c6
locomo_types,23,pure_liquid,,category-1,locomo_official_qa_score,0.058112405718788694,extension_seed_23/runs/20260930T123545Z_locomo/predictions.jsonl,47099e3a0dadba628d87ae7671ce739613c5e967ffef27b05312d160c08338c6
locomo_types,23,pure_liquid,,category-4,locomo_official_qa_score,0.0445682771915548,extension_seed_23/runs/20260930T123545Z_locomo/predictions.jsonl,47099e3a0dadba628d87ae7671ce739613c5e967ffef27b05312d160c08338c6
locomo_types,23,pure_liquid,,category-5,locomo_official_qa_score,0.06053811659192825,extension_seed_23/runs/20260930T123545Z_locomo/predictions.jsonl,47099e3a0dadba628d87ae7671ce739613c5e967ffef27b05312d160c08338c6
