example_id,agent,update_ms,read_ms,generation_ms,end_to_end_ms,model_loading_policy
syn-3440a264ae436e2e,lalm,273.7536000004184,11.25439999941591,425.13529999996535,710.1432999997996,one shared preloaded model
syn-ee85a2eb73c947cd,lalm,115.74089999976422,6.522599999698286,280.47629999946366,402.7397999989262,one shared preloaded model
syn-b6e8394405665f30,lalm,88.98749999934807,9.257299999262614,276.588300000185,374.83309999879566,one shared preloaded model
syn-0cb85fc1aed79509,lalm,112.20419999972364,5.670999999892956,311.60259999978734,429.47779999940394,one shared preloaded model
syn-aac1706bd01384f5,lalm,103.8721999993868,6.212300000697724,235.08450000008452,345.16900000016904,one shared preloaded model
syn-4d401e31677101a0,lalm,106.42010000083246,6.361799999467621,291.75370000029943,404.5356000005995,one shared preloaded model
syn-ab333df2fafd0073,lalm,90.09560000049532,9.363799999846378,115.95370000031835,215.41310000066005,one shared preloaded model
syn-f1f654b2bfd381e1,lalm,87.69149999989168,10.263199999826611,308.7606999997661,406.71539999948436,one shared preloaded model
syn-778176880403e6d9,lalm,101.0668999997506,6.322799999907147,453.9805999993405,561.3702999989982,one shared preloaded model
syn-3c4077e56334e964,lalm,97.49970000029862,9.638800000175252,293.31200000069657,400.45050000117044,one shared preloaded model
syn-14e763ddf9ace4e6,lalm,106.16830000071786,6.2305000001288136,297.9363000004014,410.33510000124807,one shared preloaded model
syn-f45b33739fa0bb9f,lalm,112.55119999987073,9.44069999968633,300.68670000036946,422.6785999999265,one shared preloaded model
syn-884dd5f55b8212d1,lalm,103.64810000010038,6.1102999998183805,310.97829999998794,420.7366999999067,one shared preloaded model
syn-796678a6e0af208b,lalm,109.24829999930807,9.643100000175764,293.8214000005246,412.71280000000843,one shared preloaded model
syn-eda8868f1c2fece2,lalm,76.12729999982548,6.038399999852118,242.70629999955418,324.8719999992318,one shared preloaded model
syn-7f9cd78bd0658737,lalm,85.72920000005979,7.773100000122213,659.7859000003155,753.2882000004975,one shared preloaded model
syn-61b2832d5fdf51ee,lalm,101.1343999998644,6.182999999509775,127.56989999979851,234.88729999917268,one shared preloaded model
syn-5598ae5c57ad5073,lalm,84.97339999939868,6.005799999911687,745.3122999995685,836.2914999988789,one shared preloaded model
syn-4e2b16b30bf94099,lalm,85.66250000058062,9.395600000061677,402.6972999999998,497.7554000006421,one shared preloaded model
syn-797af88ee2bb879b,lalm,115.574800000104,5.616500000542146,249.7691999997187,370.96050000036485,one shared preloaded model
syn-0cf696b7cf2485d5,lalm,97.69549999964511,9.493800000200281,271.09070000005886,378.27999999990425,one shared preloaded model
syn-d02759cdbf3baaeb,lalm,90.96630000021833,7.884800000283576,317.38580000001093,416.23690000051283,one shared preloaded model
syn-ca975f12399ac72d,lalm,109.28289999992558,9.530600000289269,281.82029999970837,400.6337999999232,one shared preloaded model
syn-1c68388573fae08d,lalm,114.7715999995853,8.778399999755493,274.04219999971247,397.59219999905326,one shared preloaded model
syn-5a9a91a52114c69a,lalm,74.09600000028149,6.2808999991830206,392.291799999839,472.6686999993035,one shared preloaded model
syn-c9224d63212d8aca,lalm,74.38380000075995,5.464199999551056,671.8276999999944,751.6757000003054,one shared preloaded model
syn-5410682004961128,lalm,101.83369999958813,5.419799999799579,135.1397000007637,242.3932000001514,one shared preloaded model
syn-97fe2cbcf345fb93,lalm,109.25179999958345,10.063499999887426,303.9297000004808,423.2449999999517,one shared preloaded model
syn-cd4c364251527834,lalm,77.84639999954379,6.1617999999725726,510.81319999957486,594.8213999990912,one shared preloaded model
syn-230af210e8a75a06,lalm,101.02199999982986,5.626199999824166,286.5492999999333,393.1974999995873,one shared preloaded model
syn-da092fddabc88e8c,lalm,112.94100000031904,5.887500000426371,541.7667000001529,660.5952000008983,one shared preloaded model
syn-dcf469e1a8c630ec,lalm,105.95639999974082,7.044800000585383,321.55710000006366,434.55830000038986,one shared preloaded model
syn-f2e76744bfacc55c,lalm,106.9389999993291,6.273199999668577,305.6804000007105,418.8925999997082,one shared preloaded model
syn-46181fb73f0a75b4,lalm,73.8179999998465,6.013900000652939,555.8258999999452,635.6578000004447,one shared preloaded model
syn-9db825e05aa666ea,lalm,80.77679999951215,5.9484000003067194,234.05089999960182,320.7760999994207,one shared preloaded model
syn-efb2477a19e8bc70,lalm,103.63709999910498,9.623799999644689,297.09619999994175,410.3570999986914,one shared preloaded model
syn-be647db76ec3916d,lalm,110.58319999938249,9.419700000762532,132.96769999942626,252.97059999957128,one shared preloaded model
syn-bf12fa1fdf72a8cb,lalm,80.85949999986042,6.784799999877578,735.5293000000529,823.1735999997909,one shared preloaded model
syn-961229cb08e4798f,lalm,106.70749999917462,9.306099999776052,477.9139000002033,593.927499999154,one shared preloaded model
syn-bc112f89b1a244bd,lalm,104.44060000008903,9.52679999954853,319.9870999997074,433.954499999345,one shared preloaded model
syn-8da0fe103182e921,lalm,101.46680000070774,6.164999999782594,306.5635000002658,414.1953000007561,one shared preloaded model
syn-4556e2eda4c5ec38,lalm,113.34770000030403,6.396100000529259,313.9039999996385,433.64780000047176,one shared preloaded model
syn-4639c52acd42e3e2,lalm,76.20609999958106,6.420400000024529,257.5186999993093,340.1451999989149,one shared preloaded model
syn-db4aee288b034901,lalm,76.89889999983279,9.432700000616023,276.6697999995813,363.0014000000301,one shared preloaded model
syn-016d0251df2a38df,lalm,105.19930000009481,6.497399999716436,375.92880000011064,487.6254999999219,one shared preloaded model
syn-a305f1b556cd7ef7,lalm,106.10259999975824,6.218200000148499,317.7518999991662,430.07269999907294,one shared preloaded model
syn-a6d8f9c10f83e622,lalm,77.13220000005094,9.295799999563314,146.19970000057947,232.62770000019373,one shared preloaded model
syn-a415614358a9bbf2,lalm,110.50489999979618,9.889599999951315,765.8329999994749,886.2274999992223,one shared preloaded model
syn-7688417776654935,lalm,101.3425000001007,6.5172000004167785,428.49500000011176,536.3547000006292,one shared preloaded model
syn-0b35d12bed80b76a,lalm,118.24200000046403,5.626300000585616,282.23549999984243,406.1038000008921,one shared preloaded model
syn-e57b3404c0c0ca57,lalm,103.63539999980276,9.621600000173203,327.1709999999075,440.42799999988347,one shared preloaded model
syn-427feb671ddd5e80,lalm,113.05730000003678,9.6971000002668,278.31530000003113,401.0697000003347,one shared preloaded model
syn-9f621fea2c222e41,lalm,105.93749999952706,6.078699999306991,329.10329999958776,441.1194999984218,one shared preloaded model
syn-36ba0c1d4e51203a,lalm,88.90880000035395,5.619300000034855,278.9935000000696,373.5216000004584,one shared preloaded model
syn-5b1d27e003bba18e,lalm,106.23989999930927,6.074699999771838,215.05019999949582,327.3647999985769,one shared preloaded model
syn-5862c2a2034137e9,lalm,105.13510000055248,6.656900000052701,309.4657999999981,421.2578000006033,one shared preloaded model
syn-af032bbca8d177d1,lalm,98.70060000048397,9.484000000156811,134.2611999998553,242.4458000004961,one shared preloaded model
syn-1815636146461cc4,lalm,106.66889999993145,10.133199999472708,751.3639999997395,868.1660999991436,one shared preloaded model
syn-73a0fd0e3df3ffd8,lalm,114.0200999998342,5.477699999573815,482.4868999994578,601.9846999988658,one shared preloaded model
syn-9b9c9ca36462f75d,lalm,98.61350000028324,6.083199999920907,306.5064000002167,411.2031000004208,one shared preloaded model
syn-05465f2bbe23b3ce,lalm,77.36529999965569,6.416799999897194,292.68839999986085,376.47049999941373,one shared preloaded model
syn-fc727999cddc2a0e,lalm,86.4185999998881,9.544300000015937,280.6914000002507,376.65430000015476,one shared preloaded model
syn-0271d64965c686bd,lalm,104.7484999999142,6.356700000651472,281.60829999978887,392.71350000035454,one shared preloaded model
syn-d7061c0212ea339c,lalm,76.36929999989661,6.22659999953612,281.4260999994076,364.02199999884033,one shared preloaded model
syn-79b4993828ec61be,lalm,97.67459999966377,9.71529999969789,227.8968000000532,335.28669999941485,one shared preloaded model
syn-e6b6a2dfb9f4009f,lalm,100.5035999996835,6.83500000013737,328.00200000019686,435.34060000001773,one shared preloaded model
syn-04bd977735866e90,lalm,111.87100000006467,9.671300000263727,179.18360000021494,300.72590000054333,one shared preloaded model
syn-4fb5d4427bc1dc44,lalm,82.70979999997508,6.234500000573462,758.4851000001436,847.4294000006921,one shared preloaded model
syn-02c8d313527e3161,lalm,114.92439999983617,6.126400000539434,479.80270000061864,600.8535000009942,one shared preloaded model
syn-cabffc257f3da2bf,lalm,112.89860000033514,9.738399999150715,307.9789000003075,430.6158999997933,one shared preloaded model
syn-2a89eeb201b73241,lalm,91.43659999972442,9.318500000517815,276.0078000001158,376.76290000035806,one shared preloaded model
syn-6e0c9395808f2f72,lalm,97.67030000057275,9.631200000512763,319.8296999999002,427.1312000009857,one shared preloaded model
syn-7d6cd7303d9c5c73,lalm,73.87589999962074,6.326799999442301,285.2191000001767,365.42179999923974,one shared preloaded model
syn-ad62bc336dc2873b,lalm,101.60909999922296,9.648600000218721,283.73609999925975,394.99379999870143,one shared preloaded model
syn-a25b2627243654b7,lalm,76.77460000013525,6.21679999949265,315.64649999927497,398.63789999890287,one shared preloaded model
syn-d0a3a47df140b8a4,lalm,76.88199999938661,9.431100000256265,286.2279999999373,372.5410999995802,one shared preloaded model
syn-8977fcffd15f59b3,lalm,116.91919999975653,5.792899999505607,145.35289999912493,268.06499999838707,one shared preloaded model
syn-fb41569998d3d671,lalm,70.84719999966183,6.752300000698597,736.2079999993512,813.8074999997116,one shared preloaded model
syn-6a878ad466af8f6d,lalm,79.32049999999435,9.452299999793468,468.844099999842,557.6168999996298,one shared preloaded model
syn-c9c8056e1902861d,lalm,75.33490000059828,6.249600000046485,285.4693999997835,367.05390000042826,one shared preloaded model
syn-5f89593002bacab6,lalm,109.42290000002686,9.778499999811174,296.42080000030546,415.6222000001435,one shared preloaded model
syn-8e19cd286138a4ee,lalm,113.68810000021767,5.682200000592275,279.1048999997656,398.47520000057557,one shared preloaded model
syn-c51e38600716cf16,lalm,117.17580000004091,9.924200000568817,312.9902000000584,440.0902000006681,one shared preloaded model
syn-ad094520f9ff036e,lalm,76.4526000002661,5.947999999989406,314.9052999997366,397.3058999999921,one shared preloaded model
syn-03afcfca4d2d555e,lalm,73.54669999949692,6.452700000409095,236.203999999816,316.203399999722,one shared preloaded model
syn-21b0e56fe711b690,lalm,103.37439999966591,5.791800000224612,281.8133000000671,390.9794999999576,one shared preloaded model
syn-9b255caac996299d,lalm,112.09089999920252,9.446399999433197,133.60009999996691,255.13739999860263,one shared preloaded model
syn-1572aef0aa770f60,lalm,77.172100000098,6.453100000726408,330.3405999995448,413.9658000003692,one shared preloaded model
syn-6dc205a3cb670182,lalm,104.60899999998219,9.719599999698403,454.42259999981616,568.7511999994967,one shared preloaded model
syn-585ffc749c390071,lalm,116.70210000011139,7.017400000222551,284.2497999999978,407.9693000003317,one shared preloaded model
syn-2a73d24205ef0ed5,lalm,100.07409999980155,6.28099999994447,317.0622000006915,423.41730000043754,one shared preloaded model
syn-51543bbd5dccf82c,lalm,102.65429999981279,6.201099999998405,299.56360000051063,408.41900000032183,one shared preloaded model
syn-f77d9a42b9125db4,lalm,113.73970000022382,9.780500000488246,288.83199999927456,412.3521999999866,one shared preloaded model
syn-78e1c7f41f02970e,lalm,111.55309999958263,9.750100000019302,302.5095999992118,423.8127999988137,one shared preloaded model
syn-49fdfbb2478143c9,lalm,120.18830000033631,9.60159999976895,85.15979999992851,214.94970000003377,one shared preloaded model
syn-9fc24ceee3905017,lalm,91.98759999981121,9.552499999699648,323.02330000038637,424.56339999989723,one shared preloaded model
syn-7d2031da5024db38,lalm,98.25050000017654,9.655800000473391,199.53040000018518,307.4367000008351,one shared preloaded model
syn-8efe23f6b68ec84c,lalm,85.83309999994526,9.995399999752408,299.43530000036844,395.2638000000661,one shared preloaded model
syn-8877425eb9158281,lalm,103.53170000053069,6.248700000469398,494.9208999996699,604.70130000067,one shared preloaded model
syn-9a81fe2cb0f08364,lalm,70.51419999970676,6.096800000705116,325.2364999998463,401.84750000025815,one shared preloaded model
syn-3b053d69a7c0cc47,lalm,440.1639999996405,6.529100000079779,305.9419999999591,752.6350999996794,one shared preloaded model
syn-48966a4dc31467fc,lalm,412.26499999993393,6.587400000171328,308.1986999995934,727.0510999996986,one shared preloaded model
syn-605206d9d21d0ca5,lalm,482.17399999975896,5.815799999254523,315.09839999944234,803.0881999984558,one shared preloaded model
syn-a9b8e5ce5befcc05,lalm,467.8794999999809,6.608200000300712,277.086899999631,751.5745999999126,one shared preloaded model
syn-66aa42267909b029,lalm,433.1398000003901,9.654599999521452,235.57789999995293,678.3722999998645,one shared preloaded model
syn-8d4a5714dbf06948,lalm,477.45690000010654,9.99859999956243,673.4881000002133,1160.9435999998823,one shared preloaded model
syn-5471bf1f9938cddb,lalm,461.0421999996106,9.62729999992007,119.38989999998739,590.0593999995181,one shared preloaded model
syn-56bfe8d261f2e869,lalm,412.2687999997652,6.263399999625108,772.9921999998624,1191.5243999992526,one shared preloaded model
syn-810b570ec48fc0e7,lalm,479.7429000000193,6.0454000004028785,319.85960000019986,805.647900000622,one shared preloaded model
syn-6692620f9cac53ed,lalm,464.9089999993521,5.731999999625259,332.3015000005398,802.9424999995172,one shared preloaded model
syn-53081d8a4aae99b3,lalm,419.09899999973277,6.071899999369634,313.8194000002841,738.9902999993865,one shared preloaded model
syn-572f3ca3bd93e2e8,lalm,437.14839999938704,9.786300000087067,308.19359999986773,755.1282999993418,one shared preloaded model
syn-8b4e8767076426ec,lalm,487.76600000019243,9.806999999455002,288.7168000006568,786.2898000003042,one shared preloaded model
syn-99ecbdb66be5c843,lalm,502.0840999995926,9.86899999952584,289.4290000003821,801.3820999995005,one shared preloaded model
syn-611db16cf71b8642,lalm,494.50179999985266,9.600200000022596,404.80489999936253,908.9068999992378,one shared preloaded model
syn-affcd577f74a12e2,lalm,443.60909999977594,8.793799999693874,674.8842999995759,1127.2871999990457,one shared preloaded model
syn-1b57c2f7b72add67,lalm,465.69970000018657,6.549799999447714,147.17800000016723,619.4274999998015,one shared preloaded model
syn-807fb1231a5c0609,lalm,434.46099999982835,7.623299999977462,280.16889999980776,722.2531999996136,one shared preloaded model
syn-0e375862f8dca337,lalm,454.78540000021894,5.838199999743665,281.3904000004186,742.0140000003812,one shared preloaded model
syn-9f98b3cfce4c5f38,lalm,471.92679999989195,9.283100000175182,235.7124999998632,716.9223999999303,one shared preloaded model
syn-630c3272c3757d3d,lalm,440.2080999998361,9.884300000521762,324.4058000000223,774.4982000003802,one shared preloaded model
syn-4ee74e1c8c2741b7,lalm,454.7148000001471,6.567499999619031,313.8648000003741,775.1471000001402,one shared preloaded model
syn-16b64d1cb80c9111,lalm,484.7214999999778,5.9713999999075895,272.3602000005485,763.0531000004339,one shared preloaded model
syn-3782fc1ea995f33c,lalm,459.8998000001302,7.362800000009884,312.2527999994418,779.5153999995819,one shared preloaded model
syn-fb6f4abd33d3c276,lalm,481.0932000000321,6.585500000255706,101.85970000020461,589.5384000004924,one shared preloaded model
syn-c818491a6ee29b70,lalm,481.33400000006077,9.8374999997759,314.61360000048444,805.7851000003211,one shared preloaded model
syn-43b5d2c7af874cf3,lalm,445.5043999996633,6.231899999875168,138.93049999933282,590.6667999988713,one shared preloaded model
syn-d4701e8bebaf7664,lalm,493.51990000013757,7.019700000455487,466.14099999987957,966.6806000004726,one shared preloaded model
syn-670b25b58a5e966f,lalm,505.84300000082294,9.71190000018396,472.59349999967526,988.1484000006822,one shared preloaded model
syn-127fe9674919e2c7,lalm,458.65479999974923,6.504900000436464,298.4395000003133,763.599200000499,one shared preloaded model
syn-714dd67a228f388e,lalm,461.1731000004511,9.762599999703525,293.61229999994976,764.5480000001044,one shared preloaded model
syn-d70253ddc8a7440b,lalm,478.77749999952357,9.76139999966108,294.46790000019973,783.0067999993844,one shared preloaded model
syn-8f29cf9162983042,lalm,592.6009999993767,6.956299999728799,293.44419999961247,893.0014999987179,one shared preloaded model
syn-0d54bf0dcdce2846,lalm,448.6322000002474,9.86190000003262,308.69760000041424,767.1917000006943,one shared preloaded model
syn-6260d100dbb73796,lalm,481.4726000004157,9.763400000338152,235.2299000003768,726.4659000011306,one shared preloaded model
syn-a26b40df684ebe9c,lalm,436.1636000003273,6.9069999999555876,291.07680000015534,734.1474000004382,one shared preloaded model
syn-a0e3b745234cdc90,lalm,498.16420000024664,6.628000000091561,146.16410000053293,650.9563000008711,one shared preloaded model
syn-99d614d4cd814616,lalm,452.8072000002794,10.284499999215768,308.72809999982564,771.8197999993208,one shared preloaded model
syn-de52c66b3cca9564,lalm,446.35550000020885,10.187399999267654,523.0335000005653,979.5764000000418,one shared preloaded model
syn-f14ccd27fe5a8e08,lalm,486.60889999973733,9.675700000116194,219.5904000000155,715.874999999869,one shared preloaded model
syn-c809cac2f4a93947,lalm,504.2557000006127,6.0180999998920015,276.0428999999931,786.3167000004978,one shared preloaded model
syn-ce86bd3bf1ebb150,lalm,493.44120000023395,5.9220999992248835,287.26780000033614,786.631099999795,one shared preloaded model
syn-ae5ae5ce613fc7b4,lalm,457.29819999996835,9.716000000480562,280.2842999999484,747.2985000003973,one shared preloaded model
syn-41599c1c28305cea,lalm,473.9852000002429,9.76859999991575,313.39550000029703,797.1493000004557,one shared preloaded model
syn-54994517f80942b0,lalm,436.2390999995114,6.423499999982596,339.4946999997046,782.1572999991986,one shared preloaded model
syn-3976e2279cfeb88c,lalm,445.96870000077615,6.730500000230677,244.1743999997925,696.8736000007993,one shared preloaded model
syn-102f38aea15752b7,lalm,454.78669999920385,9.761700000126439,137.66410000062024,602.2124999999505,one shared preloaded model
syn-344da2627d0e8ec3,lalm,423.61909999999625,10.302699999556353,337.8077999996094,771.729599999162,one shared preloaded model
syn-c815ea162f2b7b52,lalm,453.3043000001271,9.749400000146125,503.8534000004802,966.9071000007534,one shared preloaded model
syn-49d233ca33f2ee98,lalm,498.7615999998525,10.248300000057498,279.2254999994839,788.2353999993938,one shared preloaded model
syn-a8263889dc0fe04a,lalm,502.8102000005674,6.57009999940783,301.63850000008097,811.0188000000562,one shared preloaded model
syn-d634448e7b61d72d,lalm,489.9857999998858,8.514799999829847,286.895999999615,785.3965999993306,one shared preloaded model
syn-d6a4bb1d8afd5b8b,lalm,430.4991999997583,9.63820000015403,249.55229999977746,689.6896999996898,one shared preloaded model
syn-3b58e11d2459b7b1,lalm,441.0336000000825,9.78080000004411,312.9191999996692,763.7335999997958,one shared preloaded model
syn-8b2cd2885de6e707,lalm,463.3390999997573,9.7578999993857,227.07790000004024,700.1748999991833,one shared preloaded model
syn-289d676cf68dd654,lalm,504.1936999996324,8.605399999396468,294.39630000069883,807.1953999997277,one shared preloaded model
syn-d910582506cbb5c4,lalm,467.310400000315,10.129700000106823,170.17960000066523,647.619700001087,one shared preloaded model
syn-95c75635f64ceba5,lalm,412.8347000005306,6.856300000436022,318.2962000000771,737.9872000010437,one shared preloaded model
syn-0cd838af3fe85b7a,lalm,495.58130000059464,5.935900000622496,284.02769999956945,785.5449000007866,one shared preloaded model
syn-72688e7460c91f6b,lalm,447.2349000006943,6.471400000009453,287.9608000002918,741.6671000009956,one shared preloaded model
syn-43a28863d77f4aa5,lalm,418.5772000000725,6.871499999760999,283.6233000007269,709.0720000005604,one shared preloaded model
syn-f1515bb802e57072,lalm,457.4886999998853,9.745999999722699,308.6864999995669,775.9211999991749,one shared preloaded model
syn-a09a9b8b6f9e560f,lalm,432.50459999944724,9.610499999325839,285.53220000048896,727.647299999262,one shared preloaded model
syn-a88f7757ec12f5d9,lalm,479.1469000001598,6.675700000414508,295.29120000006515,781.1138000006395,one shared preloaded model
syn-eb30468b4c9db7f9,lalm,446.75420000021404,6.69229999948584,223.64099999958853,677.0874999992884,one shared preloaded model
syn-339835de102db66d,lalm,413.1903000006787,6.108499999754713,651.032399999167,1070.3311999996004,one shared preloaded model
syn-12cf08adf7074965,lalm,425.702800000181,7.970200000272598,141.6652999996586,575.3383000001122,one shared preloaded model
syn-b786a9d22347adb5,lalm,477.2739999998521,6.714500000271073,699.3971000001693,1183.3856000002925,one shared preloaded model
syn-c022408afa516669,lalm,442.65529999938735,9.820000000217988,481.4076999991812,933.8829999987865,one shared preloaded model
syn-da084b77569a168f,lalm,417.13919999983773,6.729499999892141,240.4661999999007,664.3348999996306,one shared preloaded model
syn-ee0cacdb0a188eee,lalm,466.13239999987854,6.385999999110936,301.0602000003928,773.5785999993823,one shared preloaded model
syn-4aa9ef95dd49d379,lalm,436.2412000000404,5.983900000501308,284.9581999998918,727.1833000004335,one shared preloaded model
syn-d28128a5e72073ad,lalm,424.3177000007563,7.052299999486422,304.00160000044707,735.3716000006898,one shared preloaded model
syn-91b267425b5f425d,lalm,464.4158000000971,9.822899999562651,308.19610000071407,782.4348000003738,one shared preloaded model
syn-0beed7aaaba3651d,lalm,474.8695999996926,8.707300000423857,411.0611999994944,894.6380999996109,one shared preloaded model
syn-556fa5f0ce7320db,lalm,824.9007000003985,9.853800000200863,314.281399999345,1149.0358999999444,one shared preloaded model
syn-413bfef9b22f460a,lalm,921.5495999997074,9.637999999540625,304.39560000013444,1235.5831999993825,one shared preloaded model
syn-617311107b2f67e3,lalm,891.0187999999835,5.967899999632209,296.53809999945224,1193.524799999068,one shared preloaded model
syn-017669a213bd9874,lalm,895.5660000001444,5.72459999966668,319.1530000003695,1220.4436000001806,one shared preloaded model
syn-23d43615f575f899,lalm,913.6254000004556,5.807200000162993,247.47079999997368,1166.9034000005922,one shared preloaded model
syn-6c359f6d6ae86c1a,lalm,956.614300000183,9.726999999656982,312.832000000526,1279.173300000366,one shared preloaded model
syn-8f0fa6eda0b7a424,lalm,896.2434999994002,9.519199999886041,137.41459999982908,1043.1772999991153,one shared preloaded model
syn-3f88ec5d07bc3a51,lalm,902.7857999999469,9.249000000636443,303.9392999999109,1215.9741000004942,one shared preloaded model
syn-fd5307ede09e5d11,lalm,919.1400999998223,9.692399999948975,283.92319999966276,1212.755699999434,one shared preloaded model
syn-d5ae1a3b6d6ed579,lalm,880.7339000004504,9.352099999887287,262.60480000019015,1152.6908000005278,one shared preloaded model
syn-75e602e14efed5cb,lalm,904.9748999996154,9.764099999301834,286.8803999999727,1201.61939999889,one shared preloaded model
syn-9f52afd8e021b141,lalm,935.91860000015,9.718700000121316,272.99349999975675,1218.630800000028,one shared preloaded model
syn-a980db3037bf311c,lalm,892.6531999995859,5.779300000540388,321.7167000002519,1220.1492000003782,one shared preloaded model
syn-9806577cabcc7f2e,lalm,876.1321000001772,9.7408000001451,289.39679999984946,1175.2697000001717,one shared preloaded model
syn-3f62b5425b0e882e,lalm,892.8759999998874,8.96779999948194,299.97219999950175,1201.8159999988711,one shared preloaded model
syn-3505057efb2b61e5,lalm,858.2682999995086,9.62580000032176,314.7486999996545,1182.6427999994849,one shared preloaded model
syn-d24f9fb590e3a787,lalm,918.3010000006107,6.734499999765831,180.85119999977906,1105.8867000001555,one shared preloaded model
syn-7a883dcdc8bfb566,lalm,902.9528999999457,8.931899999879533,710.9358000006978,1622.820600000523,one shared preloaded model
syn-aaf6f5f3f1ef7b1f,lalm,913.3474000000206,9.816400000090653,479.36939999999595,1402.5332000001072,one shared preloaded model
syn-32f7b8ee5ae534ab,lalm,884.9703999994745,9.709899999506888,325.9776000004422,1220.6578999994235,one shared preloaded model
syn-cf560fa20ee9d4f6,lalm,921.8198999997185,9.795599999961269,313.21509999997943,1244.8305999996592,one shared preloaded model
syn-18ed845be43a1113,lalm,955.1279999996041,9.718599999359867,331.66090000031545,1296.5074999992794,one shared preloaded model
syn-051d1eec41dac8d0,lalm,898.4344999998939,8.81400000071153,277.57389999987936,1184.8224000004848,one shared preloaded model
syn-8d59c8ca8529c6d2,lalm,870.8232999997563,8.75850000011269,287.05230000014126,1166.6341000000102,one shared preloaded model
syn-c2c3f6447b57cd6c,lalm,920.8533000000898,9.736399999383138,407.2906999999759,1337.8803999994489,one shared preloaded model
syn-119989e38ad0f945,lalm,862.7395000003162,5.869100000381877,289.1525000004549,1157.761100001153,one shared preloaded model
syn-d8ea9482cf8fc83a,lalm,871.7385999998442,9.755500000210304,129.68439999986003,1011.1784999999145,one shared preloaded model
syn-5413284ffbcd80f9,lalm,951.9626999999673,10.417500000585278,267.8673999998864,1230.247600000439,one shared preloaded model
syn-861c1484a8ea104b,lalm,899.5821999997133,10.301600000275357,246.78279999989172,1156.6665999998804,one shared preloaded model
syn-df9eae9287dfd8cd,lalm,878.6501000004137,9.968100000151026,276.07780000016646,1164.6960000007311,one shared preloaded model
syn-a7a49d11123f18b7,lalm,860.8432000000903,6.596899999749439,283.77240000008896,1151.2124999999287,one shared preloaded model
syn-4819d59a2242c08a,lalm,914.9767999997493,5.849099999977625,306.83240000053047,1227.6583000002574,one shared preloaded model
syn-fb6711bd86163f1e,lalm,896.9663000007131,5.872599999747763,303.7961999998515,1206.6351000003124,one shared preloaded model
syn-2fcf335a0045359d,lalm,822.5350999991861,9.82910000038828,308.2000999993397,1140.564299998914,one shared preloaded model
syn-768048c1c2ffc70f,lalm,871.2907999997697,9.823599999435828,238.3958000000348,1119.5101999992403,one shared preloaded model
syn-dc5195185c644ee9,lalm,927.9755000006844,6.322899999759102,279.10400000018853,1213.402400000632,one shared preloaded model
syn-e8e506ecada067e6,lalm,840.7051000003776,5.800400000225636,121.30080000042653,967.8063000010297,one shared preloaded model
syn-ec8966bd1f85141e,lalm,866.3779999997132,6.860499999675085,744.8768999993263,1618.1153999987146,one shared preloaded model
syn-1bf83807bef00cdc,lalm,908.0519999997705,9.127799999987474,312.3386000006576,1229.5184000004156,one shared preloaded model
syn-38d19937a809c03c,lalm,884.2789999998786,9.725199999593315,299.69100000016624,1193.6951999996381,one shared preloaded model
syn-03883299ea4eefd0,lalm,802.9198999993241,9.836299999733455,267.597800000658,1080.3539999997156,one shared preloaded model
syn-13045132ceac1242,lalm,956.5674000004947,5.848799999512266,297.39770000014687,1259.8139000001538,one shared preloaded model
syn-f0b3360c389b840e,lalm,864.6135999997568,9.940099999766971,305.46049999975367,1180.0141999992775,one shared preloaded model
syn-e8e58c2f23ab318d,lalm,869.0813999992315,9.65970000015659,299.3330999997852,1178.0741999991733,one shared preloaded model
syn-eb47c5acfa803840,lalm,848.004100000253,9.653199999775097,381.08329999977286,1238.740599999801,one shared preloaded model
syn-f1ed12435faf4272,lalm,994.5514000000912,6.651599999713653,690.2158000002601,1691.418800000065,one shared preloaded model
syn-39ef00c8e89b9fd5,lalm,955.8806000004552,8.705799999916053,230.82029999932274,1195.406699999694,one shared preloaded model
syn-9118253f7aebee81,lalm,910.0667999991856,6.053099999917322,737.5147000002471,1653.63459999935,one shared preloaded model
syn-0d63dfffb23d83ff,lalm,860.3840999994645,9.797400000024936,450.47880000038276,1320.6602999998722,one shared preloaded model
syn-d2e93c1ec520c50a,lalm,903.7137999994229,5.889199999728589,234.21130000042467,1143.8142999995762,one shared preloaded model
syn-fb40ae9253b00cfa,lalm,4505.974900000183,6.717000000207918,298.97520000031363,4811.6671000007045,one shared preloaded model
syn-82a3fececee0458f,lalm,4487.207500000295,9.81809999939287,291.0554999998567,4788.081099999545,one shared preloaded model
syn-f51e6ea4b479b354,lalm,4229.222500000105,9.931600000527396,310.44699999984005,4549.601100000473,one shared preloaded model
syn-824506418626e57e,lalm,4172.7208000002065,9.82209999983752,275.58659999976953,4458.129499999814,one shared preloaded model
syn-d4acb59606d086df,lalm,4515.045500000269,9.98650000019552,216.54730000045674,4741.579300000922,one shared preloaded model
syn-95393e98122c01a9,lalm,4079.562099999748,10.040099999969243,310.38940000053117,4399.991600000249,one shared preloaded model
syn-3ad985563547117e,lalm,4359.286800000518,6.624100000408362,186.24399999953312,4552.15490000046,one shared preloaded model
syn-d380345bc6491347,lalm,4219.414600000164,6.915299999491253,293.5200000001714,4519.849899999826,one shared preloaded model
syn-8ca2b99b2ad13d97,lalm,4267.997300000388,9.88240000060614,239.61309999958758,4517.492800000582,one shared preloaded model
syn-5c95e0491f9ade69,lalm,4279.2360999992525,6.808899999668938,292.7448000000368,4578.789799998958,one shared preloaded model
syn-9f034c3bdb1c01f3,lalm,4115.346900000077,9.827100000620703,293.0501999999251,4418.224200000623,one shared preloaded model
syn-6a46b6025f657a17,lalm,4289.313299999776,9.725599999910628,316.1212000004525,4615.160100000139,one shared preloaded model
syn-bed3d60dddfe0552,lalm,4261.105600000519,9.81099999989965,310.068499999943,4580.985100000362,one shared preloaded model
syn-7c543d9860a5ba31,lalm,4297.264499999983,10.0202999992689,329.49899999948684,4636.783799998739,one shared preloaded model
syn-154dd3e018ca9655,lalm,4343.162299999676,5.951299999651383,273.3934000007139,4622.507000000041,one shared preloaded model
syn-4b0bf71af877f47c,lalm,4310.588399999688,10.085399999297806,309.8370999996405,4630.510899998626,one shared preloaded model
syn-5aa8c12b1991f6ae,lalm,4244.479899999533,9.984199999962584,232.52080000020214,4486.9848999996975,one shared preloaded model
syn-e4ff77141b18c498,lalm,4042.563500000142,6.1840999997002655,281.24279999974533,4329.990399999588,one shared preloaded model
syn-5bbff8045ecd2a68,lalm,4315.277300000162,9.911099999953876,254.97069999983069,4580.159099999946,one shared preloaded model
syn-ae986a73a8057181,lalm,4246.236800000588,9.88950000009936,317.69960000019637,4573.825900000884,one shared preloaded model
syn-e9d8078ca99eff9c,lalm,4275.185599999531,9.576700000252458,315.59010000000853,4600.352399999792,one shared preloaded model
syn-26cc815454feab66,lalm,4248.454999999922,6.7364000005909475,317.5885999999082,4572.780000000421,one shared preloaded model
syn-9736904ee42d8bbb,lalm,4237.083799999709,9.73130000056699,286.62249999979394,4533.43760000007,one shared preloaded model
syn-81a29295c61ef9cb,lalm,4262.336499999947,9.995699999308272,321.80069999958505,4594.13289999884,one shared preloaded model
syn-e78694058f402286,lalm,4351.105099999586,8.288099999845144,316.66539999969245,4676.0585999991235,one shared preloaded model
syn-53394b2546d1d5ef,lalm,4355.159300000196,9.865099999842641,310.8348000005208,4675.859200000559,one shared preloaded model
syn-10dcaca88382d018,lalm,4212.7512999995815,7.986000000528293,113.89330000019982,4334.63060000031,one shared preloaded model
syn-e0cc43b665020618,lalm,4214.194700000007,10.454599999320635,315.1479999996809,4539.797299999009,one shared preloaded model
syn-7f7afadf5a00ac2a,lalm,4059.7027000003436,9.22770000033779,520.4022999996596,4589.332700000341,one shared preloaded model
syn-c406a5267129453f,lalm,4284.752799999296,7.077999999637541,295.20620000039344,4587.036999999327,one shared preloaded model
syn-787ab94252a26e1c,lalm,4223.280700000032,6.971499999963271,313.13370000043506,4543.38590000043,one shared preloaded model
syn-d06e3f08f189406c,lalm,4320.113100000526,6.64870000036899,310.17030000020895,4636.932100001104,one shared preloaded model
syn-1fd2ed67249cf4e9,lalm,4256.856200000584,9.745700000166835,294.8424000005616,4561.4443000013125,one shared preloaded model
syn-aeb7cb2c37a5051b,lalm,4168.0136000004495,9.86520000060409,286.11390000060055,4463.992700001654,one shared preloaded model
syn-d9183b45ca03125a,lalm,4248.258499999793,9.945600000719423,231.25179999988177,4489.455900000394,one shared preloaded model
syn-3f96675f65c1b9e7,lalm,4184.674000000086,9.600200000022596,245.6978000000163,4439.972000000125,one shared preloaded model
syn-dc063aeff0a357a1,lalm,4288.55570000087,9.914500000377302,151.48059999955876,4449.950800000806,one shared preloaded model
syn-517b679a08484bf4,lalm,4336.134799999854,10.462399999596528,314.39829999999347,4660.995499999444,one shared preloaded model
syn-5931c9376766cfc7,lalm,4246.027899999717,6.454100000155449,307.18380000053,4559.665800000403,one shared preloaded model
syn-3a6642d74c42659f,lalm,4161.735199999384,9.338199999547214,339.42709999973886,4510.50049999867,one shared preloaded model
syn-be39dc153907b102,lalm,4190.240800000538,9.788400000616093,360.8984000002238,4560.927600001378,one shared preloaded model
syn-b74310e139eb597e,lalm,4222.685699999602,5.8351999996375525,269.0623999997115,4497.583299998951,one shared preloaded model
syn-fa366cec483eb81e,lalm,4355.236700000205,9.278200000153447,287.68979999949806,4652.2046999998565,one shared preloaded model
syn-b573ca35e5128efa,lalm,4225.518700000066,10.105899999871326,283.499699999993,4519.12429999993,one shared preloaded model
syn-82a18111a4b04693,lalm,4288.612100000137,7.167699999627075,420.5848000001424,4716.364599999906,one shared preloaded model
syn-7b0e600042111c5b,lalm,4198.75890000003,6.015700000716606,317.897300000368,4522.671900001114,one shared preloaded model
syn-67463b827ed584f9,lalm,4178.202600000077,5.921999999372929,157.70679999968706,4341.831399999137,one shared preloaded model
syn-5198c5cae262976f,lalm,4224.785299999894,6.94019999991724,388.26920000065,4619.994700000461,one shared preloaded model
syn-f107b7d3263daf98,lalm,4185.489100000268,6.440800000746094,472.8399999994508,4664.769900000465,one shared preloaded model
syn-080ca6585cadad4d,lalm,4393.084799999997,5.954199999905541,324.9996000004103,4724.038600000313,one shared preloaded model
