example_id,agent,horizon,bytes
syn-556fa5f0ce7320db-cuefree,lexical_only,1000,1310720
syn-192f860f5ca9c65d-cuefree,lexical_only,1000,1310720
syn-617311107b2f67e3-cuefree,lexical_only,1000,1310720
syn-1d05229b11d587a1-cuefree,lexical_only,1000,1310720
syn-23d43615f575f899-cuefree,lexical_only,1000,1310720
syn-6c359f6d6ae86c1a-cuefree,lexical_only,1000,1310720
syn-8f0fa6eda0b7a424-cuefree,lexical_only,1000,1310720
syn-3f88ec5d07bc3a51-cuefree,lexical_only,1000,1310720
syn-fd5307ede09e5d11-cuefree,lexical_only,1000,1310720
syn-d5ae1a3b6d6ed579-cuefree,lexical_only,1000,1310720
syn-75e602e14efed5cb-cuefree,lexical_only,1000,1310720
syn-f0c6eac50721f2f8-cuefree,lexical_only,1000,1310720
syn-a980db3037bf311c-cuefree,lexical_only,1000,1310720
syn-399ecc14d497af88-cuefree,lexical_only,1000,1310720
syn-3f62b5425b0e882e-cuefree,lexical_only,1000,1310720
syn-3505057efb2b61e5-cuefree,lexical_only,1000,1310720
syn-d24f9fb590e3a787-cuefree,lexical_only,1000,1310720
syn-7a883dcdc8bfb566-cuefree,lexical_only,1000,1310720
syn-aaf6f5f3f1ef7b1f-cuefree,lexical_only,1000,1310720
syn-32f7b8ee5ae534ab-cuefree,lexical_only,1000,1310720
syn-cf560fa20ee9d4f6-cuefree,lexical_only,1000,1310720
syn-7e384c3f4151fb70-cuefree,lexical_only,1000,1310720
syn-051d1eec41dac8d0-cuefree,lexical_only,1000,1310720
syn-1aabf132565d4f6d-cuefree,lexical_only,1000,1310720
syn-c2c3f6447b57cd6c-cuefree,lexical_only,1000,1310720
syn-119989e38ad0f945-cuefree,lexical_only,1000,1310720
syn-d8ea9482cf8fc83a-cuefree,lexical_only,1000,1310720
syn-5413284ffbcd80f9-cuefree,lexical_only,1000,1310720
syn-861c1484a8ea104b-cuefree,lexical_only,1000,1310720
syn-df9eae9287dfd8cd-cuefree,lexical_only,1000,1310720
syn-a7a49d11123f18b7-cuefree,lexical_only,1000,1310720
syn-92c02f2ab5978ef6-cuefree,lexical_only,1000,1310720
syn-fb6711bd86163f1e-cuefree,lexical_only,1000,1310720
syn-60fb06dad7c42fbb-cuefree,lexical_only,1000,1310720
syn-768048c1c2ffc70f-cuefree,lexical_only,1000,1310720
syn-dc5195185c644ee9-cuefree,lexical_only,1000,1310720
syn-e8e506ecada067e6-cuefree,lexical_only,1000,1310720
syn-ec8966bd1f85141e-cuefree,lexical_only,1000,1310720
syn-1bf83807bef00cdc-cuefree,lexical_only,1000,1310720
syn-38d19937a809c03c-cuefree,lexical_only,1000,1310720
syn-03883299ea4eefd0-cuefree,lexical_only,1000,1310720
syn-0f75ef7afa2ac26c-cuefree,lexical_only,1000,1310720
syn-f0b3360c389b840e-cuefree,lexical_only,1000,1310720
syn-ca3a766c9a32772f-cuefree,lexical_only,1000,1310720
syn-eb47c5acfa803840-cuefree,lexical_only,1000,1310720
syn-f1ed12435faf4272-cuefree,lexical_only,1000,1310720
syn-39ef00c8e89b9fd5-cuefree,lexical_only,1000,1310720
syn-9118253f7aebee81-cuefree,lexical_only,1000,1310720
syn-0d63dfffb23d83ff-cuefree,lexical_only,1000,1310720
syn-d2e93c1ec520c50a-cuefree,lexical_only,1000,1310720
syn-fb40ae9253b00cfa-cuefree,lexical_only,5000,1310720
syn-3d82acc2b6c99003-cuefree,lexical_only,5000,1310720
syn-f51e6ea4b479b354-cuefree,lexical_only,5000,1310720
syn-7f68c231b051f1c9-cuefree,lexical_only,5000,1310720
syn-d4acb59606d086df-cuefree,lexical_only,5000,1310720
syn-95393e98122c01a9-cuefree,lexical_only,5000,1310720
syn-3ad985563547117e-cuefree,lexical_only,5000,1310720
syn-d380345bc6491347-cuefree,lexical_only,5000,1310720
syn-8ca2b99b2ad13d97-cuefree,lexical_only,5000,1310720
syn-5c95e0491f9ade69-cuefree,lexical_only,5000,1310720
syn-9f034c3bdb1c01f3-cuefree,lexical_only,5000,1310720
syn-95d51cf2b299a4de-cuefree,lexical_only,5000,1310720
syn-bed3d60dddfe0552-cuefree,lexical_only,5000,1310720
syn-7877f54b60ff58c1-cuefree,lexical_only,5000,1310720
syn-154dd3e018ca9655-cuefree,lexical_only,5000,1310720
syn-4b0bf71af877f47c-cuefree,lexical_only,5000,1310720
syn-5aa8c12b1991f6ae-cuefree,lexical_only,5000,1310720
syn-e4ff77141b18c498-cuefree,lexical_only,5000,1310720
syn-5bbff8045ecd2a68-cuefree,lexical_only,5000,1310720
syn-ae986a73a8057181-cuefree,lexical_only,5000,1310720
syn-e9d8078ca99eff9c-cuefree,lexical_only,5000,1310720
syn-31b308a38265b395-cuefree,lexical_only,5000,1310720
syn-9736904ee42d8bbb-cuefree,lexical_only,5000,1310720
syn-a0bf6621081ba77b-cuefree,lexical_only,5000,1310720
syn-e78694058f402286-cuefree,lexical_only,5000,1310720
syn-53394b2546d1d5ef-cuefree,lexical_only,5000,1310720
syn-10dcaca88382d018-cuefree,lexical_only,5000,1310720
syn-e0cc43b665020618-cuefree,lexical_only,5000,1310720
syn-7f7afadf5a00ac2a-cuefree,lexical_only,5000,1310720
syn-c406a5267129453f-cuefree,lexical_only,5000,1310720
syn-787ab94252a26e1c-cuefree,lexical_only,5000,1310720
syn-4d345741579abd81-cuefree,lexical_only,5000,1310720
syn-1fd2ed67249cf4e9-cuefree,lexical_only,5000,1310720
syn-61ed8b6c0e1ed7a2-cuefree,lexical_only,5000,1310720
syn-d9183b45ca03125a-cuefree,lexical_only,5000,1310720
syn-3f96675f65c1b9e7-cuefree,lexical_only,5000,1310720
syn-dc063aeff0a357a1-cuefree,lexical_only,5000,1310720
syn-517b679a08484bf4-cuefree,lexical_only,5000,1310720
syn-5931c9376766cfc7-cuefree,lexical_only,5000,1310720
syn-3a6642d74c42659f-cuefree,lexical_only,5000,1310720
syn-be39dc153907b102-cuefree,lexical_only,5000,1310720
syn-6de33ec8379c1e83-cuefree,lexical_only,5000,1310720
syn-fa366cec483eb81e-cuefree,lexical_only,5000,1310720
syn-31ff6eeb48582437-cuefree,lexical_only,5000,1310720
syn-82a18111a4b04693-cuefree,lexical_only,5000,1310720
syn-7b0e600042111c5b-cuefree,lexical_only,5000,1310720
syn-67463b827ed584f9-cuefree,lexical_only,5000,1310720
syn-5198c5cae262976f-cuefree,lexical_only,5000,1310720
syn-f107b7d3263daf98-cuefree,lexical_only,5000,1310720
syn-080ca6585cadad4d-cuefree,lexical_only,5000,1310720
