group,dataset,agent,horizon,question_type,metric,n_rows,mean,sample_sd
newest-wins-original,synthetic,lexical_only,100,all,correct,1,0.7266666666666667,
newest-wins-original,synthetic,lexical_only,100,stable_fact,correct,1,1.0,
newest-wins-original,synthetic,lexical_only,100,correction,correct,1,0.8333333333333334,
newest-wins-original,synthetic,lexical_only,100,repeated_fact,correct,1,1.0,
newest-wins-original,synthetic,lexical_only,100,contradictory_update,correct,1,0.7,
newest-wins-original,synthetic,lexical_only,100,boolean,correct,1,0.0,
newest-wins-original,synthetic,lexical_only,100,goal,correct,1,1.0,
newest-wins-original,synthetic,lexical_only,100,response_style,correct,1,0.8666666666666667,
newest-wins-original,synthetic,lexical_only,100,temporal,correct,1,0.9333333333333333,
newest-wins-original,synthetic,lexical_only,100,multi_fact,correct,1,0.0,
newest-wins-original,synthetic,lexical_only,100,paraphrase,correct,1,0.9333333333333333,
newest-wins-original,synthetic,lexical_only,500,all,correct,1,0.6711111111111111,
newest-wins-original,synthetic,lexical_only,500,stable_fact,correct,1,1.0,
newest-wins-original,synthetic,lexical_only,500,correction,correct,1,0.7083333333333334,
newest-wins-original,synthetic,lexical_only,500,repeated_fact,correct,1,1.0,
newest-wins-original,synthetic,lexical_only,500,contradictory_update,correct,1,0.5833333333333334,
newest-wins-original,synthetic,lexical_only,500,boolean,correct,1,0.0,
newest-wins-original,synthetic,lexical_only,500,goal,correct,1,1.0,
newest-wins-original,synthetic,lexical_only,500,response_style,correct,1,0.6190476190476191,
newest-wins-original,synthetic,lexical_only,500,temporal,correct,1,1.0,
newest-wins-original,synthetic,lexical_only,500,multi_fact,correct,1,0.0,
newest-wins-original,synthetic,lexical_only,500,paraphrase,correct,1,0.8095238095238095,
newest-wins-original,synthetic,lexical_only,1000,all,correct,1,0.6733333333333333,
newest-wins-original,synthetic,lexical_only,1000,stable_fact,correct,1,1.0,
newest-wins-original,synthetic,lexical_only,1000,correction,correct,1,0.6,
newest-wins-original,synthetic,lexical_only,1000,repeated_fact,correct,1,1.0,
newest-wins-original,synthetic,lexical_only,1000,contradictory_update,correct,1,0.7333333333333334,
newest-wins-original,synthetic,lexical_only,1000,boolean,correct,1,0.0,
newest-wins-original,synthetic,lexical_only,1000,goal,correct,1,1.0,
newest-wins-original,synthetic,lexical_only,1000,response_style,correct,1,0.6,
newest-wins-original,synthetic,lexical_only,1000,temporal,correct,1,0.9333333333333333,
newest-wins-original,synthetic,lexical_only,1000,multi_fact,correct,1,0.0,
newest-wins-original,synthetic,lexical_only,1000,paraphrase,correct,1,0.8666666666666667,
newest-wins-original,synthetic,lexical_only,5000,all,correct,1,0.7,
newest-wins-original,synthetic,lexical_only,5000,stable_fact,correct,1,1.0,
newest-wins-original,synthetic,lexical_only,5000,correction,correct,1,0.6,
newest-wins-original,synthetic,lexical_only,5000,repeated_fact,correct,1,1.0,
newest-wins-original,synthetic,lexical_only,5000,contradictory_update,correct,1,0.7333333333333334,
newest-wins-original,synthetic,lexical_only,5000,boolean,correct,1,0.0,
newest-wins-original,synthetic,lexical_only,5000,goal,correct,1,1.0,
newest-wins-original,synthetic,lexical_only,5000,response_style,correct,1,0.7333333333333333,
newest-wins-original,synthetic,lexical_only,5000,temporal,correct,1,0.9333333333333333,
newest-wins-original,synthetic,lexical_only,5000,multi_fact,correct,1,0.0,
newest-wins-original,synthetic,lexical_only,5000,paraphrase,correct,1,1.0,
newest-wins-original,locomo,lexical_only,,all,token_f1_diagnostic,1,0.15779403137752657,
newest-wins-original,locomo,lexical_only,,category-2,token_f1_diagnostic,1,0.17589701445251535,
newest-wins-original,locomo,lexical_only,,all,correct,1,0.057905337361530716,
newest-wins-original,locomo,lexical_only,,category-2,correct,1,0.012461059190031152,
newest-wins-original,locomo,lexical_only,,all,locomo_official_qa_score,1,0.3090430801740285,
newest-wins-original,locomo,lexical_only,,category-2,locomo_official_qa_score,1,0.17978069697695867,
newest-wins-original,locomo,lexical_only,,category-3,token_f1_diagnostic,1,0.04309112757802016,
newest-wins-original,locomo,lexical_only,,category-3,correct,1,0.020833333333333332,
newest-wins-original,locomo,lexical_only,,category-3,locomo_official_qa_score,1,0.05244427526903017,
newest-wins-original,locomo,lexical_only,,category-1,token_f1_diagnostic,1,0.1535516024742559,
newest-wins-original,locomo,lexical_only,,category-1,correct,1,0.02127659574468085,
newest-wins-original,locomo,lexical_only,,category-1,locomo_official_qa_score,1,0.13581036894381543,
newest-wins-original,locomo,lexical_only,,category-4,token_f1_diagnostic,1,0.24848716353303238,
newest-wins-original,locomo,lexical_only,,category-4,correct,1,0.12247324613555291,
newest-wins-original,locomo,lexical_only,,category-4,locomo_official_qa_score,1,0.252933149854975,
newest-wins-original,locomo,lexical_only,,category-5,token_f1_diagnostic,1,0.0011210762331838565,
newest-wins-original,locomo,lexical_only,,category-5,correct,1,0.0,
newest-wins-original,locomo,lexical_only,,category-5,locomo_official_qa_score,1,0.672645739910314,
newest-wins-cue_free,synthetic,lalm,1000,all,correct,5,0.5786666666666667,0.06007402840570034
newest-wins-cue_free,synthetic,lalm,1000,stable_fact,correct,5,0.9866666666666667,0.029814239699997188
newest-wins-cue_free,synthetic,lalm,1000,correction,correct,5,0.08,0.07302967433402216
newest-wins-cue_free,synthetic,lalm,1000,repeated_fact,correct,5,1.0,0.0
newest-wins-cue_free,synthetic,lalm,1000,contradictory_update,correct,5,0.08,0.029814239699997195
newest-wins-cue_free,synthetic,lalm,1000,boolean,correct,5,0.18666666666666665,0.27648588471103624
newest-wins-cue_free,synthetic,lalm,1000,goal,correct,5,0.9066666666666666,0.20869967789998037
newest-wins-cue_free,synthetic,lalm,1000,response_style,correct,5,0.8533333333333334,0.029814239699997188
newest-wins-cue_free,synthetic,lalm,1000,temporal,correct,5,0.8,0.23570226039551584
newest-wins-cue_free,synthetic,lalm,1000,multi_fact,correct,5,0.0,0.0
newest-wins-cue_free,synthetic,lalm,1000,paraphrase,correct,5,0.8933333333333333,0.12110601416389964
newest-wins-cue_free,synthetic,lalm,5000,all,correct,5,0.608,0.07665217254295896
newest-wins-cue_free,synthetic,lalm,5000,stable_fact,correct,5,0.9866666666666667,0.029814239699997188
newest-wins-cue_free,synthetic,lalm,5000,correction,correct,5,0.13333333333333333,0.11547005383792516
newest-wins-cue_free,synthetic,lalm,5000,repeated_fact,correct,5,1.0,0.0
newest-wins-cue_free,synthetic,lalm,5000,contradictory_update,correct,5,0.12,0.11925695879998878
newest-wins-cue_free,synthetic,lalm,5000,boolean,correct,5,0.14666666666666667,0.2556038601690775
newest-wins-cue_free,synthetic,lalm,5000,goal,correct,5,0.9066666666666666,0.17384539747207065
newest-wins-cue_free,synthetic,lalm,5000,response_style,correct,5,1.0,0.0
newest-wins-cue_free,synthetic,lalm,5000,temporal,correct,5,0.8133333333333334,0.24221202832779934
newest-wins-cue_free,synthetic,lalm,5000,multi_fact,correct,5,0.0,0.0
newest-wins-cue_free,synthetic,lalm,5000,paraphrase,correct,5,0.9733333333333334,0.036514837167011066
newest-wins-cue_free,synthetic,lexical_only,1000,all,correct,1,0.5666666666666667,
newest-wins-cue_free,synthetic,lexical_only,1000,stable_fact,correct,1,1.0,
newest-wins-cue_free,synthetic,lexical_only,1000,correction,correct,1,0.13333333333333333,
newest-wins-cue_free,synthetic,lexical_only,1000,repeated_fact,correct,1,1.0,
newest-wins-cue_free,synthetic,lexical_only,1000,contradictory_update,correct,1,0.0,
newest-wins-cue_free,synthetic,lexical_only,1000,boolean,correct,1,0.0,
newest-wins-cue_free,synthetic,lexical_only,1000,goal,correct,1,1.0,
newest-wins-cue_free,synthetic,lexical_only,1000,response_style,correct,1,0.7333333333333334,
newest-wins-cue_free,synthetic,lexical_only,1000,temporal,correct,1,0.9333333333333333,
newest-wins-cue_free,synthetic,lexical_only,1000,multi_fact,correct,1,0.0,
newest-wins-cue_free,synthetic,lexical_only,1000,paraphrase,correct,1,0.8666666666666667,
newest-wins-cue_free,synthetic,lexical_only,5000,all,correct,1,0.6066666666666667,
newest-wins-cue_free,synthetic,lexical_only,5000,stable_fact,correct,1,1.0,
newest-wins-cue_free,synthetic,lexical_only,5000,correction,correct,1,0.13333333333333333,
newest-wins-cue_free,synthetic,lexical_only,5000,repeated_fact,correct,1,1.0,
newest-wins-cue_free,synthetic,lexical_only,5000,contradictory_update,correct,1,0.06666666666666667,
newest-wins-cue_free,synthetic,lexical_only,5000,boolean,correct,1,0.0,
newest-wins-cue_free,synthetic,lexical_only,5000,goal,correct,1,1.0,
newest-wins-cue_free,synthetic,lexical_only,5000,response_style,correct,1,0.9333333333333333,
newest-wins-cue_free,synthetic,lexical_only,5000,temporal,correct,1,0.9333333333333333,
newest-wins-cue_free,synthetic,lexical_only,5000,multi_fact,correct,1,0.0,
newest-wins-cue_free,synthetic,lexical_only,5000,paraphrase,correct,1,1.0,
newest-wins-original,longmemeval,lalm,,all,token_f1_diagnostic,5,0.20764683840819614,0.025951300354151698
newest-wins-original,longmemeval,lalm,,single-session-user,token_f1_diagnostic,5,0.5378882003452942,0.07572773727478485
newest-wins-original,longmemeval,lalm,,all,correct,5,0.12844444444444444,0.007601169500660927
newest-wins-original,longmemeval,lalm,,single-session-user,correct,5,0.42,0.07582875444051551
newest-wins-original,longmemeval,lalm,,multi-session,token_f1_diagnostic,5,0.09277100392745548,0.029300737876410583
newest-wins-original,longmemeval,lalm,,multi-session,correct,5,0.0556390977443609,0.01887203067370095
newest-wins-original,longmemeval,lalm,,single-session-preference,token_f1_diagnostic,5,0.0561201676492229,0.0168690092213359
newest-wins-original,longmemeval,lalm,,single-session-preference,correct,5,0.0,0.0
newest-wins-original,longmemeval,lalm,,temporal-reasoning,token_f1_diagnostic,5,0.1464624023159033,0.06360576340954695
newest-wins-original,longmemeval,lalm,,temporal-reasoning,correct,5,0.07218045112781954,0.028432587069457196
newest-wins-original,longmemeval,lalm,,knowledge-update,token_f1_diagnostic,5,0.3179863081734128,0.034971360166098864
newest-wins-original,longmemeval,lalm,,knowledge-update,correct,5,0.20512820512820512,0.03268602252303066
newest-wins-original,longmemeval,lalm,,single-session-assistant,token_f1_diagnostic,5,0.43533452106094256,0.029312018704821297
newest-wins-original,longmemeval,lalm,,single-session-assistant,correct,5,0.29285714285714287,0.04482107285003977
newest-wins-original,synthetic,lalm,100,all,correct,5,0.732,0.05377938473264847
newest-wins-original,synthetic,lalm,100,stable_fact,correct,5,1.0,0.0
newest-wins-original,synthetic,lalm,100,correction,correct,5,0.78,0.2545147889176143
newest-wins-original,synthetic,lalm,100,repeated_fact,correct,5,1.0,0.0
newest-wins-original,synthetic,lalm,100,contradictory_update,correct,5,0.7733333333333333,0.25210227201585383
newest-wins-original,synthetic,lalm,100,boolean,correct,5,0.18666666666666668,0.23758039574940615
newest-wins-original,synthetic,lalm,100,goal,correct,5,0.9466666666666667,0.06912147117775905
newest-wins-original,synthetic,lalm,100,response_style,correct,5,0.8666666666666667,0.04714045207910316
newest-wins-original,synthetic,lalm,100,temporal,correct,5,0.82,0.13864422895390283
newest-wins-original,synthetic,lalm,100,multi_fact,correct,5,0.0,0.0
newest-wins-original,synthetic,lalm,100,paraphrase,correct,5,0.9466666666666667,0.0869226987360353
newest-wins-original,synthetic,lalm,500,all,correct,5,0.6746666666666666,0.04882824521590141
newest-wins-original,synthetic,lalm,500,stable_fact,correct,5,1.0,0.0
newest-wins-original,synthetic,lalm,500,correction,correct,5,0.65,0.27888667551135854
newest-wins-original,synthetic,lalm,500,repeated_fact,correct,5,1.0,0.0
newest-wins-original,synthetic,lalm,500,contradictory_update,correct,5,0.6666666666666666,0.21850184336878156
newest-wins-original,synthetic,lalm,500,boolean,correct,5,0.125,0.16925080009658253
newest-wins-original,synthetic,lalm,500,goal,correct,5,0.9428571428571428,0.07824607964359515
newest-wins-original,synthetic,lalm,500,response_style,correct,5,0.6190476190476191,0.0
newest-wins-original,synthetic,lalm,500,temporal,correct,5,0.8285714285714286,0.18319413392067946
newest-wins-original,synthetic,lalm,500,multi_fact,correct,5,0.0,0.0
newest-wins-original,synthetic,lalm,500,paraphrase,correct,5,0.9047619047619048,0.11167656571008167
newest-wins-original,synthetic,lalm,1000,all,correct,5,0.696,0.06047956496022252
newest-wins-original,synthetic,lalm,1000,stable_fact,correct,5,0.9866666666666667,0.029814239699997188
newest-wins-original,synthetic,lalm,1000,correction,correct,5,0.76,0.1534781924429512
newest-wins-original,synthetic,lalm,1000,repeated_fact,correct,5,1.0,0.0
newest-wins-original,synthetic,lalm,1000,contradictory_update,correct,5,0.88,0.1366260102127946
newest-wins-original,synthetic,lalm,1000,boolean,correct,5,0.18666666666666665,0.27648588471103624
newest-wins-original,synthetic,lalm,1000,goal,correct,5,0.9066666666666666,0.20869967789998037
newest-wins-original,synthetic,lalm,1000,response_style,correct,5,0.5466666666666666,0.0869226987360353
newest-wins-original,synthetic,lalm,1000,temporal,correct,5,0.8,0.23570226039551584
newest-wins-original,synthetic,lalm,1000,multi_fact,correct,5,0.0,0.0
newest-wins-original,synthetic,lalm,1000,paraphrase,correct,5,0.8933333333333333,0.12110601416389964
newest-wins-original,synthetic,lalm,5000,all,correct,5,0.7333333333333334,0.04737556801183967
newest-wins-original,synthetic,lalm,5000,stable_fact,correct,5,0.9866666666666667,0.029814239699997188
newest-wins-original,synthetic,lalm,5000,correction,correct,5,0.8266666666666667,0.21395742047841618
newest-wins-original,synthetic,lalm,5000,repeated_fact,correct,5,1.0,0.0
newest-wins-original,synthetic,lalm,5000,contradictory_update,correct,5,0.9466666666666667,0.11925695879998875
newest-wins-original,synthetic,lalm,5000,boolean,correct,5,0.14666666666666667,0.2556038601690775
newest-wins-original,synthetic,lalm,5000,goal,correct,5,0.9066666666666666,0.17384539747207065
newest-wins-original,synthetic,lalm,5000,response_style,correct,5,0.7333333333333333,0.0
newest-wins-original,synthetic,lalm,5000,temporal,correct,5,0.8133333333333334,0.24221202832779934
newest-wins-original,synthetic,lalm,5000,multi_fact,correct,5,0.0,0.0
newest-wins-original,synthetic,lalm,5000,paraphrase,correct,5,0.9733333333333334,0.036514837167011066
newest-wins-original,locomo,lalm,,all,token_f1_diagnostic,5,0.18007976141317264,0.014332431403673837
newest-wins-original,locomo,lalm,,category-2,token_f1_diagnostic,5,0.18702320985810084,0.007834718332759625
newest-wins-original,locomo,lalm,,all,correct,5,0.06928499496475327,0.006927811507095746
newest-wins-original,locomo,lalm,,category-2,correct,5,0.016822429906542057,0.004724532986948006
newest-wins-original,locomo,lalm,,all,locomo_official_qa_score,5,0.2928038206137369,0.050721043068481034
newest-wins-original,locomo,lalm,,category-2,locomo_official_qa_score,5,0.19057448447892314,0.007586983147663108
newest-wins-original,locomo,lalm,,category-3,token_f1_diagnostic,5,0.07142623189046501,0.05480663019028077
newest-wins-original,locomo,lalm,,category-3,correct,5,0.035416666666666666,0.03343084694975253
newest-wins-original,locomo,lalm,,category-3,locomo_official_qa_score,5,0.08725120641136874,0.062328137535343754
newest-wins-original,locomo,lalm,,category-1,token_f1_diagnostic,5,0.17247842086964965,0.019861878462671203
newest-wins-original,locomo,lalm,,category-1,correct,5,0.024113475177304965,0.005826835718140064
newest-wins-original,locomo,lalm,,category-1,locomo_official_qa_score,5,0.15650453935944966,0.022055976920269334
newest-wins-original,locomo,lalm,,category-4,token_f1_diagnostic,5,0.2868110854404098,0.024140936667341392
newest-wins-original,locomo,lalm,,category-4,correct,5,0.144589774078478,0.013230136547634838
newest-wins-original,locomo,lalm,,category-4,locomo_official_qa_score,5,0.2887319646923792,0.023159941849953097
newest-wins-original,locomo,lalm,,category-5,token_f1_diagnostic,5,0.002017937219730942,0.0012280774831954398
newest-wins-original,locomo,lalm,,category-5,correct,5,0.0008968609865470852,0.0012280774831954398
newest-wins-original,locomo,lalm,,category-5,locomo_official_qa_score,5,0.5044843049327354,0.2743637971252724
newest-wins-original,longmemeval,lexical_only,,all,token_f1_diagnostic,1,0.19149764925295293,
newest-wins-original,longmemeval,lexical_only,,single-session-user,token_f1_diagnostic,1,0.43023830987217715,
newest-wins-original,longmemeval,lexical_only,,all,correct,1,0.12666666666666668,
newest-wins-original,longmemeval,lexical_only,,single-session-user,correct,1,0.3,
newest-wins-original,longmemeval,lexical_only,,multi-session,token_f1_diagnostic,1,0.09703309030366178,
newest-wins-original,longmemeval,lexical_only,,multi-session,correct,1,0.07518796992481203,
newest-wins-original,longmemeval,lexical_only,,single-session-preference,token_f1_diagnostic,1,0.04372324197114607,
newest-wins-original,longmemeval,lexical_only,,single-session-preference,correct,1,0.0,
newest-wins-original,longmemeval,lexical_only,,temporal-reasoning,token_f1_diagnostic,1,0.08710999719841724,
newest-wins-original,longmemeval,lexical_only,,temporal-reasoning,correct,1,0.045112781954887216,
newest-wins-original,longmemeval,lexical_only,,knowledge-update,token_f1_diagnostic,1,0.3539200565516355,
newest-wins-original,longmemeval,lexical_only,,knowledge-update,correct,1,0.23076923076923078,
newest-wins-original,longmemeval,lexical_only,,single-session-assistant,token_f1_diagnostic,1,0.43144077961512173,
newest-wins-original,longmemeval,lexical_only,,single-session-assistant,correct,1,0.30357142857142855,
