group,dataset,agent,training_seed,horizon,question_type,metric,evaluation_replicates,value
newest-wins-original,synthetic,lexical_only,,100,all,correct,3,0.7266666666666667
newest-wins-original,synthetic,lexical_only,,100,stable_fact,correct,3,1.0
newest-wins-original,synthetic,lexical_only,,100,correction,correct,3,0.8333333333333334
newest-wins-original,synthetic,lexical_only,,100,repeated_fact,correct,3,1.0
newest-wins-original,synthetic,lexical_only,,100,contradictory_update,correct,3,0.7
newest-wins-original,synthetic,lexical_only,,100,boolean,correct,3,0.0
newest-wins-original,synthetic,lexical_only,,100,goal,correct,3,1.0
newest-wins-original,synthetic,lexical_only,,100,response_style,correct,3,0.8666666666666667
newest-wins-original,synthetic,lexical_only,,100,temporal,correct,3,0.9333333333333333
newest-wins-original,synthetic,lexical_only,,100,multi_fact,correct,3,0.0
newest-wins-original,synthetic,lexical_only,,100,paraphrase,correct,3,0.9333333333333333
newest-wins-original,synthetic,lexical_only,,500,all,correct,3,0.6711111111111111
newest-wins-original,synthetic,lexical_only,,500,stable_fact,correct,3,1.0
newest-wins-original,synthetic,lexical_only,,500,correction,correct,3,0.7083333333333334
newest-wins-original,synthetic,lexical_only,,500,repeated_fact,correct,3,1.0
newest-wins-original,synthetic,lexical_only,,500,contradictory_update,correct,3,0.5833333333333334
newest-wins-original,synthetic,lexical_only,,500,boolean,correct,3,0.0
newest-wins-original,synthetic,lexical_only,,500,goal,correct,3,1.0
newest-wins-original,synthetic,lexical_only,,500,response_style,correct,3,0.6190476190476191
newest-wins-original,synthetic,lexical_only,,500,temporal,correct,3,1.0
newest-wins-original,synthetic,lexical_only,,500,multi_fact,correct,3,0.0
newest-wins-original,synthetic,lexical_only,,500,paraphrase,correct,3,0.8095238095238095
newest-wins-original,synthetic,lexical_only,,1000,all,correct,3,0.6733333333333333
newest-wins-original,synthetic,lexical_only,,1000,stable_fact,correct,3,1.0
newest-wins-original,synthetic,lexical_only,,1000,correction,correct,3,0.6
newest-wins-original,synthetic,lexical_only,,1000,repeated_fact,correct,3,1.0
newest-wins-original,synthetic,lexical_only,,1000,contradictory_update,correct,3,0.7333333333333334
newest-wins-original,synthetic,lexical_only,,1000,boolean,correct,3,0.0
newest-wins-original,synthetic,lexical_only,,1000,goal,correct,3,1.0
newest-wins-original,synthetic,lexical_only,,1000,response_style,correct,3,0.6
newest-wins-original,synthetic,lexical_only,,1000,temporal,correct,3,0.9333333333333333
newest-wins-original,synthetic,lexical_only,,1000,multi_fact,correct,3,0.0
newest-wins-original,synthetic,lexical_only,,1000,paraphrase,correct,3,0.8666666666666667
newest-wins-original,synthetic,lexical_only,,5000,all,correct,3,0.7
newest-wins-original,synthetic,lexical_only,,5000,stable_fact,correct,3,1.0
newest-wins-original,synthetic,lexical_only,,5000,correction,correct,3,0.6
newest-wins-original,synthetic,lexical_only,,5000,repeated_fact,correct,3,1.0
newest-wins-original,synthetic,lexical_only,,5000,contradictory_update,correct,3,0.7333333333333334
newest-wins-original,synthetic,lexical_only,,5000,boolean,correct,3,0.0
newest-wins-original,synthetic,lexical_only,,5000,goal,correct,3,1.0
newest-wins-original,synthetic,lexical_only,,5000,response_style,correct,3,0.7333333333333333
newest-wins-original,synthetic,lexical_only,,5000,temporal,correct,3,0.9333333333333333
newest-wins-original,synthetic,lexical_only,,5000,multi_fact,correct,3,0.0
newest-wins-original,synthetic,lexical_only,,5000,paraphrase,correct,3,1.0
newest-wins-original,locomo,lexical_only,,,all,token_f1_diagnostic,1,0.15779403137752657
newest-wins-original,locomo,lexical_only,,,category-2,token_f1_diagnostic,1,0.17589701445251535
newest-wins-original,locomo,lexical_only,,,all,correct,1,0.057905337361530716
newest-wins-original,locomo,lexical_only,,,category-2,correct,1,0.012461059190031152
newest-wins-original,locomo,lexical_only,,,all,locomo_official_qa_score,1,0.3090430801740285
newest-wins-original,locomo,lexical_only,,,category-2,locomo_official_qa_score,1,0.17978069697695867
newest-wins-original,locomo,lexical_only,,,category-3,token_f1_diagnostic,1,0.04309112757802016
newest-wins-original,locomo,lexical_only,,,category-3,correct,1,0.020833333333333332
newest-wins-original,locomo,lexical_only,,,category-3,locomo_official_qa_score,1,0.05244427526903017
newest-wins-original,locomo,lexical_only,,,category-1,token_f1_diagnostic,1,0.1535516024742559
newest-wins-original,locomo,lexical_only,,,category-1,correct,1,0.02127659574468085
newest-wins-original,locomo,lexical_only,,,category-1,locomo_official_qa_score,1,0.13581036894381543
newest-wins-original,locomo,lexical_only,,,category-4,token_f1_diagnostic,1,0.24848716353303238
newest-wins-original,locomo,lexical_only,,,category-4,correct,1,0.12247324613555291
newest-wins-original,locomo,lexical_only,,,category-4,locomo_official_qa_score,1,0.252933149854975
newest-wins-original,locomo,lexical_only,,,category-5,token_f1_diagnostic,1,0.0011210762331838565
newest-wins-original,locomo,lexical_only,,,category-5,correct,1,0.0
newest-wins-original,locomo,lexical_only,,,category-5,locomo_official_qa_score,1,0.672645739910314
newest-wins-cue_free,synthetic,lalm,37,1000,all,correct,3,0.6466666666666667
newest-wins-cue_free,synthetic,lalm,37,1000,stable_fact,correct,3,1.0
newest-wins-cue_free,synthetic,lalm,37,1000,correction,correct,3,0.06666666666666667
newest-wins-cue_free,synthetic,lalm,37,1000,repeated_fact,correct,3,1.0
newest-wins-cue_free,synthetic,lalm,37,1000,contradictory_update,correct,3,0.06666666666666667
newest-wins-cue_free,synthetic,lalm,37,1000,boolean,correct,3,0.6666666666666666
newest-wins-cue_free,synthetic,lalm,37,1000,goal,correct,3,1.0
newest-wins-cue_free,synthetic,lalm,37,1000,response_style,correct,3,0.8666666666666667
newest-wins-cue_free,synthetic,lalm,37,1000,temporal,correct,3,0.8
newest-wins-cue_free,synthetic,lalm,37,1000,multi_fact,correct,3,0.0
newest-wins-cue_free,synthetic,lalm,37,1000,paraphrase,correct,3,1.0
newest-wins-cue_free,synthetic,lalm,37,5000,all,correct,3,0.7133333333333333
newest-wins-cue_free,synthetic,lalm,37,5000,stable_fact,correct,3,1.0
newest-wins-cue_free,synthetic,lalm,37,5000,correction,correct,3,0.33333333333333337
newest-wins-cue_free,synthetic,lalm,37,5000,repeated_fact,correct,3,1.0
newest-wins-cue_free,synthetic,lalm,37,5000,contradictory_update,correct,3,0.3333333333333333
newest-wins-cue_free,synthetic,lalm,37,5000,boolean,correct,3,0.6
newest-wins-cue_free,synthetic,lalm,37,5000,goal,correct,3,0.9333333333333333
newest-wins-cue_free,synthetic,lalm,37,5000,response_style,correct,3,1.0
newest-wins-cue_free,synthetic,lalm,37,5000,temporal,correct,3,0.9333333333333333
newest-wins-cue_free,synthetic,lalm,37,5000,multi_fact,correct,3,0.0
newest-wins-cue_free,synthetic,lalm,37,5000,paraphrase,correct,3,1.0
newest-wins-cue_free,synthetic,lalm,13,1000,all,correct,3,0.6066666666666667
newest-wins-cue_free,synthetic,lalm,13,1000,stable_fact,correct,3,1.0
newest-wins-cue_free,synthetic,lalm,13,1000,correction,correct,3,0.06666666666666667
newest-wins-cue_free,synthetic,lalm,13,1000,repeated_fact,correct,3,1.0
newest-wins-cue_free,synthetic,lalm,13,1000,contradictory_update,correct,3,0.06666666666666667
newest-wins-cue_free,synthetic,lalm,13,1000,boolean,correct,3,0.13333333333333333
newest-wins-cue_free,synthetic,lalm,13,1000,goal,correct,3,1.0
newest-wins-cue_free,synthetic,lalm,13,1000,response_style,correct,3,0.8666666666666667
newest-wins-cue_free,synthetic,lalm,13,1000,temporal,correct,3,0.9333333333333333
newest-wins-cue_free,synthetic,lalm,13,1000,multi_fact,correct,3,0.0
newest-wins-cue_free,synthetic,lalm,13,1000,paraphrase,correct,3,1.0
newest-wins-cue_free,synthetic,lalm,13,5000,all,correct,3,0.62
newest-wins-cue_free,synthetic,lalm,13,5000,stable_fact,correct,3,1.0
newest-wins-cue_free,synthetic,lalm,13,5000,correction,correct,3,0.06666666666666667
newest-wins-cue_free,synthetic,lalm,13,5000,repeated_fact,correct,3,1.0
newest-wins-cue_free,synthetic,lalm,13,5000,contradictory_update,correct,3,0.06666666666666667
newest-wins-cue_free,synthetic,lalm,13,5000,boolean,correct,3,0.06666666666666667
newest-wins-cue_free,synthetic,lalm,13,5000,goal,correct,3,1.0
newest-wins-cue_free,synthetic,lalm,13,5000,response_style,correct,3,1.0
newest-wins-cue_free,synthetic,lalm,13,5000,temporal,correct,3,1.0
newest-wins-cue_free,synthetic,lalm,13,5000,multi_fact,correct,3,0.0
newest-wins-cue_free,synthetic,lalm,13,5000,paraphrase,correct,3,1.0
newest-wins-cue_free,synthetic,lexical_only,,1000,all,correct,3,0.5666666666666667
newest-wins-cue_free,synthetic,lexical_only,,1000,stable_fact,correct,3,1.0
newest-wins-cue_free,synthetic,lexical_only,,1000,correction,correct,3,0.13333333333333333
newest-wins-cue_free,synthetic,lexical_only,,1000,repeated_fact,correct,3,1.0
newest-wins-cue_free,synthetic,lexical_only,,1000,contradictory_update,correct,3,0.0
newest-wins-cue_free,synthetic,lexical_only,,1000,boolean,correct,3,0.0
newest-wins-cue_free,synthetic,lexical_only,,1000,goal,correct,3,1.0
newest-wins-cue_free,synthetic,lexical_only,,1000,response_style,correct,3,0.7333333333333334
newest-wins-cue_free,synthetic,lexical_only,,1000,temporal,correct,3,0.9333333333333333
newest-wins-cue_free,synthetic,lexical_only,,1000,multi_fact,correct,3,0.0
newest-wins-cue_free,synthetic,lexical_only,,1000,paraphrase,correct,3,0.8666666666666667
newest-wins-cue_free,synthetic,lexical_only,,5000,all,correct,3,0.6066666666666667
newest-wins-cue_free,synthetic,lexical_only,,5000,stable_fact,correct,3,1.0
newest-wins-cue_free,synthetic,lexical_only,,5000,correction,correct,3,0.13333333333333333
newest-wins-cue_free,synthetic,lexical_only,,5000,repeated_fact,correct,3,1.0
newest-wins-cue_free,synthetic,lexical_only,,5000,contradictory_update,correct,3,0.06666666666666667
newest-wins-cue_free,synthetic,lexical_only,,5000,boolean,correct,3,0.0
newest-wins-cue_free,synthetic,lexical_only,,5000,goal,correct,3,1.0
newest-wins-cue_free,synthetic,lexical_only,,5000,response_style,correct,3,0.9333333333333333
newest-wins-cue_free,synthetic,lexical_only,,5000,temporal,correct,3,0.9333333333333333
newest-wins-cue_free,synthetic,lexical_only,,5000,multi_fact,correct,3,0.0
newest-wins-cue_free,synthetic,lexical_only,,5000,paraphrase,correct,3,1.0
newest-wins-cue_free,synthetic,lalm,7,1000,all,correct,3,0.6066666666666667
newest-wins-cue_free,synthetic,lalm,7,1000,stable_fact,correct,3,1.0
newest-wins-cue_free,synthetic,lalm,7,1000,correction,correct,3,0.06666666666666667
newest-wins-cue_free,synthetic,lalm,7,1000,repeated_fact,correct,3,1.0
newest-wins-cue_free,synthetic,lalm,7,1000,contradictory_update,correct,3,0.13333333333333333
newest-wins-cue_free,synthetic,lalm,7,1000,boolean,correct,3,0.13333333333333333
newest-wins-cue_free,synthetic,lalm,7,1000,goal,correct,3,1.0
newest-wins-cue_free,synthetic,lalm,7,1000,response_style,correct,3,0.8
newest-wins-cue_free,synthetic,lalm,7,1000,temporal,correct,3,1.0
newest-wins-cue_free,synthetic,lalm,7,1000,multi_fact,correct,3,0.0
newest-wins-cue_free,synthetic,lalm,7,1000,paraphrase,correct,3,0.9333333333333333
newest-wins-cue_free,synthetic,lalm,7,5000,all,correct,3,0.62
newest-wins-cue_free,synthetic,lalm,7,5000,stable_fact,correct,3,1.0
newest-wins-cue_free,synthetic,lalm,7,5000,correction,correct,3,0.13333333333333333
newest-wins-cue_free,synthetic,lalm,7,5000,repeated_fact,correct,3,1.0
newest-wins-cue_free,synthetic,lalm,7,5000,contradictory_update,correct,3,0.06666666666666667
newest-wins-cue_free,synthetic,lalm,7,5000,boolean,correct,3,0.06666666666666667
newest-wins-cue_free,synthetic,lalm,7,5000,goal,correct,3,1.0
newest-wins-cue_free,synthetic,lalm,7,5000,response_style,correct,3,1.0
newest-wins-cue_free,synthetic,lalm,7,5000,temporal,correct,3,0.9333333333333333
newest-wins-cue_free,synthetic,lalm,7,5000,multi_fact,correct,3,0.0
newest-wins-cue_free,synthetic,lalm,7,5000,paraphrase,correct,3,1.0
newest-wins-original,longmemeval,lalm,37,,all,token_f1_diagnostic,1,0.24724003856379653
newest-wins-original,longmemeval,lalm,37,,single-session-user,token_f1_diagnostic,1,0.5584877622377622
newest-wins-original,longmemeval,lalm,37,,all,correct,1,0.1288888888888889
newest-wins-original,longmemeval,lalm,37,,single-session-user,correct,1,0.4
newest-wins-original,longmemeval,lalm,37,,multi-session,token_f1_diagnostic,1,0.12463717664974494
newest-wins-original,longmemeval,lalm,37,,multi-session,correct,1,0.06015037593984962
newest-wins-original,longmemeval,lalm,37,,single-session-preference,token_f1_diagnostic,1,0.08556848766331875
newest-wins-original,longmemeval,lalm,37,,single-session-preference,correct,1,0.0
newest-wins-original,longmemeval,lalm,37,,temporal-reasoning,token_f1_diagnostic,1,0.25643557753625235
newest-wins-original,longmemeval,lalm,37,,temporal-reasoning,correct,1,0.12030075187969924
newest-wins-original,longmemeval,lalm,37,,knowledge-update,token_f1_diagnostic,1,0.3210304614396686
newest-wins-original,longmemeval,lalm,37,,knowledge-update,correct,1,0.1794871794871795
newest-wins-original,longmemeval,lalm,37,,single-session-assistant,token_f1_diagnostic,1,0.3892527710718186
newest-wins-original,longmemeval,lalm,37,,single-session-assistant,correct,1,0.21428571428571427
newest-wins-original,synthetic,lalm,7,100,all,correct,3,0.74
newest-wins-original,synthetic,lalm,7,100,stable_fact,correct,3,1.0
newest-wins-original,synthetic,lalm,7,100,correction,correct,3,0.9666666666666667
newest-wins-original,synthetic,lalm,7,100,repeated_fact,correct,3,1.0
newest-wins-original,synthetic,lalm,7,100,contradictory_update,correct,3,0.9333333333333333
newest-wins-original,synthetic,lalm,7,100,boolean,correct,3,0.0
newest-wins-original,synthetic,lalm,7,100,goal,correct,3,1.0
newest-wins-original,synthetic,lalm,7,100,response_style,correct,3,0.8333333333333334
newest-wins-original,synthetic,lalm,7,100,temporal,correct,3,0.6666666666666666
newest-wins-original,synthetic,lalm,7,100,multi_fact,correct,3,0.0
newest-wins-original,synthetic,lalm,7,100,paraphrase,correct,3,1.0
newest-wins-original,synthetic,lalm,7,500,all,correct,3,0.6888888888888889
newest-wins-original,synthetic,lalm,7,500,stable_fact,correct,3,1.0
newest-wins-original,synthetic,lalm,7,500,correction,correct,3,0.6666666666666666
newest-wins-original,synthetic,lalm,7,500,repeated_fact,correct,3,1.0
newest-wins-original,synthetic,lalm,7,500,contradictory_update,correct,3,0.6666666666666666
newest-wins-original,synthetic,lalm,7,500,boolean,correct,3,0.041666666666666664
newest-wins-original,synthetic,lalm,7,500,goal,correct,3,1.0
newest-wins-original,synthetic,lalm,7,500,response_style,correct,3,0.6190476190476191
newest-wins-original,synthetic,lalm,7,500,temporal,correct,3,0.9047619047619048
newest-wins-original,synthetic,lalm,7,500,multi_fact,correct,3,0.0
newest-wins-original,synthetic,lalm,7,500,paraphrase,correct,3,1.0
newest-wins-original,synthetic,lalm,7,1000,all,correct,3,0.7333333333333333
newest-wins-original,synthetic,lalm,7,1000,stable_fact,correct,3,1.0
newest-wins-original,synthetic,lalm,7,1000,correction,correct,3,0.7333333333333334
newest-wins-original,synthetic,lalm,7,1000,repeated_fact,correct,3,1.0
newest-wins-original,synthetic,lalm,7,1000,contradictory_update,correct,3,0.9333333333333333
newest-wins-original,synthetic,lalm,7,1000,boolean,correct,3,0.13333333333333333
newest-wins-original,synthetic,lalm,7,1000,goal,correct,3,1.0
newest-wins-original,synthetic,lalm,7,1000,response_style,correct,3,0.6
newest-wins-original,synthetic,lalm,7,1000,temporal,correct,3,1.0
newest-wins-original,synthetic,lalm,7,1000,multi_fact,correct,3,0.0
newest-wins-original,synthetic,lalm,7,1000,paraphrase,correct,3,0.9333333333333333
newest-wins-original,synthetic,lalm,7,5000,all,correct,3,0.74
newest-wins-original,synthetic,lalm,7,5000,stable_fact,correct,3,1.0
newest-wins-original,synthetic,lalm,7,5000,correction,correct,3,0.6666666666666666
newest-wins-original,synthetic,lalm,7,5000,repeated_fact,correct,3,1.0
newest-wins-original,synthetic,lalm,7,5000,contradictory_update,correct,3,1.0
newest-wins-original,synthetic,lalm,7,5000,boolean,correct,3,0.06666666666666667
newest-wins-original,synthetic,lalm,7,5000,goal,correct,3,1.0
newest-wins-original,synthetic,lalm,7,5000,response_style,correct,3,0.7333333333333333
newest-wins-original,synthetic,lalm,7,5000,temporal,correct,3,0.9333333333333333
newest-wins-original,synthetic,lalm,7,5000,multi_fact,correct,3,0.0
newest-wins-original,synthetic,lalm,7,5000,paraphrase,correct,3,1.0
newest-wins-cue_free,synthetic,lalm,23,1000,all,correct,3,0.5333333333333333
newest-wins-cue_free,synthetic,lalm,23,1000,stable_fact,correct,3,1.0
newest-wins-cue_free,synthetic,lalm,23,1000,correction,correct,3,0.2
newest-wins-cue_free,synthetic,lalm,23,1000,repeated_fact,correct,3,1.0
newest-wins-cue_free,synthetic,lalm,23,1000,contradictory_update,correct,3,0.06666666666666667
newest-wins-cue_free,synthetic,lalm,23,1000,boolean,correct,3,0.0
newest-wins-cue_free,synthetic,lalm,23,1000,goal,correct,3,1.0
newest-wins-cue_free,synthetic,lalm,23,1000,response_style,correct,3,0.8666666666666667
newest-wins-cue_free,synthetic,lalm,23,1000,temporal,correct,3,0.4
newest-wins-cue_free,synthetic,lalm,23,1000,multi_fact,correct,3,0.0
newest-wins-cue_free,synthetic,lalm,23,1000,paraphrase,correct,3,0.8
newest-wins-cue_free,synthetic,lalm,23,5000,all,correct,3,0.5866666666666667
newest-wins-cue_free,synthetic,lalm,23,5000,stable_fact,correct,3,1.0
newest-wins-cue_free,synthetic,lalm,23,5000,correction,correct,3,0.06666666666666667
newest-wins-cue_free,synthetic,lalm,23,5000,repeated_fact,correct,3,1.0
newest-wins-cue_free,synthetic,lalm,23,5000,contradictory_update,correct,3,0.06666666666666667
newest-wins-cue_free,synthetic,lalm,23,5000,boolean,correct,3,0.0
newest-wins-cue_free,synthetic,lalm,23,5000,goal,correct,3,1.0
newest-wins-cue_free,synthetic,lalm,23,5000,response_style,correct,3,1.0
newest-wins-cue_free,synthetic,lalm,23,5000,temporal,correct,3,0.8
newest-wins-cue_free,synthetic,lalm,23,5000,multi_fact,correct,3,0.0
newest-wins-cue_free,synthetic,lalm,23,5000,paraphrase,correct,3,0.9333333333333333
newest-wins-original,longmemeval,lalm,7,,all,token_f1_diagnostic,1,0.20417154517218383
newest-wins-original,longmemeval,lalm,7,,single-session-user,token_f1_diagnostic,1,0.5469049765388438
newest-wins-original,longmemeval,lalm,7,,all,correct,1,0.13111111111111112
newest-wins-original,longmemeval,lalm,7,,single-session-user,correct,1,0.45
newest-wins-original,longmemeval,lalm,7,,multi-session,token_f1_diagnostic,1,0.08706186568321485
newest-wins-original,longmemeval,lalm,7,,multi-session,correct,1,0.05263157894736842
newest-wins-original,longmemeval,lalm,7,,single-session-preference,token_f1_diagnostic,1,0.05249333093352104
newest-wins-original,longmemeval,lalm,7,,single-session-preference,correct,1,0.0
newest-wins-original,longmemeval,lalm,7,,temporal-reasoning,token_f1_diagnostic,1,0.13114369950279622
newest-wins-original,longmemeval,lalm,7,,temporal-reasoning,correct,1,0.07518796992481203
newest-wins-original,longmemeval,lalm,7,,knowledge-update,token_f1_diagnostic,1,0.30961806224964117
newest-wins-original,longmemeval,lalm,7,,knowledge-update,correct,1,0.19230769230769232
newest-wins-original,longmemeval,lalm,7,,single-session-assistant,token_f1_diagnostic,1,0.4677276222051558
newest-wins-original,longmemeval,lalm,7,,single-session-assistant,correct,1,0.32142857142857145
newest-wins-original,synthetic,lalm,13,100,all,correct,3,0.81
newest-wins-original,synthetic,lalm,13,100,stable_fact,correct,3,1.0
newest-wins-original,synthetic,lalm,13,100,correction,correct,3,0.9333333333333333
newest-wins-original,synthetic,lalm,13,100,repeated_fact,correct,3,1.0
newest-wins-original,synthetic,lalm,13,100,contradictory_update,correct,3,0.9333333333333333
newest-wins-original,synthetic,lalm,13,100,boolean,correct,3,0.33333333333333337
newest-wins-original,synthetic,lalm,13,100,goal,correct,3,1.0
newest-wins-original,synthetic,lalm,13,100,response_style,correct,3,0.9
newest-wins-original,synthetic,lalm,13,100,temporal,correct,3,1.0
newest-wins-original,synthetic,lalm,13,100,multi_fact,correct,3,0.0
newest-wins-original,synthetic,lalm,13,100,paraphrase,correct,3,1.0
newest-wins-original,synthetic,lalm,13,500,all,correct,3,0.7422222222222222
newest-wins-original,synthetic,lalm,13,500,stable_fact,correct,3,1.0
newest-wins-original,synthetic,lalm,13,500,correction,correct,3,0.875
newest-wins-original,synthetic,lalm,13,500,repeated_fact,correct,3,1.0
newest-wins-original,synthetic,lalm,13,500,contradictory_update,correct,3,0.8333333333333334
newest-wins-original,synthetic,lalm,13,500,boolean,correct,3,0.125
newest-wins-original,synthetic,lalm,13,500,goal,correct,3,0.9523809523809523
newest-wins-original,synthetic,lalm,13,500,response_style,correct,3,0.6190476190476191
newest-wins-original,synthetic,lalm,13,500,temporal,correct,3,1.0
newest-wins-original,synthetic,lalm,13,500,multi_fact,correct,3,0.0
newest-wins-original,synthetic,lalm,13,500,paraphrase,correct,3,1.0
newest-wins-original,synthetic,lalm,13,1000,all,correct,3,0.7466666666666667
newest-wins-original,synthetic,lalm,13,1000,stable_fact,correct,3,1.0
newest-wins-original,synthetic,lalm,13,1000,correction,correct,3,0.8
newest-wins-original,synthetic,lalm,13,1000,repeated_fact,correct,3,1.0
newest-wins-original,synthetic,lalm,13,1000,contradictory_update,correct,3,1.0
newest-wins-original,synthetic,lalm,13,1000,boolean,correct,3,0.13333333333333333
newest-wins-original,synthetic,lalm,13,1000,goal,correct,3,1.0
newest-wins-original,synthetic,lalm,13,1000,response_style,correct,3,0.6
newest-wins-original,synthetic,lalm,13,1000,temporal,correct,3,0.9333333333333333
newest-wins-original,synthetic,lalm,13,1000,multi_fact,correct,3,0.0
newest-wins-original,synthetic,lalm,13,1000,paraphrase,correct,3,1.0
newest-wins-original,synthetic,lalm,13,5000,all,correct,3,0.78
newest-wins-original,synthetic,lalm,13,5000,stable_fact,correct,3,1.0
newest-wins-original,synthetic,lalm,13,5000,correction,correct,3,1.0
newest-wins-original,synthetic,lalm,13,5000,repeated_fact,correct,3,1.0
newest-wins-original,synthetic,lalm,13,5000,contradictory_update,correct,3,1.0
newest-wins-original,synthetic,lalm,13,5000,boolean,correct,3,0.06666666666666667
newest-wins-original,synthetic,lalm,13,5000,goal,correct,3,1.0
newest-wins-original,synthetic,lalm,13,5000,response_style,correct,3,0.7333333333333333
newest-wins-original,synthetic,lalm,13,5000,temporal,correct,3,1.0
newest-wins-original,synthetic,lalm,13,5000,multi_fact,correct,3,0.0
newest-wins-original,synthetic,lalm,13,5000,paraphrase,correct,3,1.0
newest-wins-original,synthetic,lalm,41,100,all,correct,3,0.66
newest-wins-original,synthetic,lalm,41,100,stable_fact,correct,3,1.0
newest-wins-original,synthetic,lalm,41,100,correction,correct,3,0.6333333333333333
newest-wins-original,synthetic,lalm,41,100,repeated_fact,correct,3,1.0
newest-wins-original,synthetic,lalm,41,100,contradictory_update,correct,3,0.5333333333333333
newest-wins-original,synthetic,lalm,41,100,boolean,correct,3,0.06666666666666667
newest-wins-original,synthetic,lalm,41,100,goal,correct,3,0.8333333333333334
newest-wins-original,synthetic,lalm,41,100,response_style,correct,3,0.9
newest-wins-original,synthetic,lalm,41,100,temporal,correct,3,0.8333333333333334
newest-wins-original,synthetic,lalm,41,100,multi_fact,correct,3,0.0
newest-wins-original,synthetic,lalm,41,100,paraphrase,correct,3,0.8
newest-wins-original,synthetic,lalm,41,500,all,correct,3,0.6133333333333333
newest-wins-original,synthetic,lalm,41,500,stable_fact,correct,3,1.0
newest-wins-original,synthetic,lalm,41,500,correction,correct,3,0.4583333333333333
newest-wins-original,synthetic,lalm,41,500,repeated_fact,correct,3,1.0
newest-wins-original,synthetic,lalm,41,500,contradictory_update,correct,3,0.5416666666666666
newest-wins-original,synthetic,lalm,41,500,boolean,correct,3,0.041666666666666664
newest-wins-original,synthetic,lalm,41,500,goal,correct,3,0.8095238095238095
newest-wins-original,synthetic,lalm,41,500,response_style,correct,3,0.6190476190476191
newest-wins-original,synthetic,lalm,41,500,temporal,correct,3,0.9047619047619048
newest-wins-original,synthetic,lalm,41,500,multi_fact,correct,3,0.0
newest-wins-original,synthetic,lalm,41,500,paraphrase,correct,3,0.7619047619047619
newest-wins-original,synthetic,lalm,41,1000,all,correct,3,0.6066666666666667
newest-wins-original,synthetic,lalm,41,1000,stable_fact,correct,3,0.9333333333333333
newest-wins-original,synthetic,lalm,41,1000,correction,correct,3,0.6666666666666666
newest-wins-original,synthetic,lalm,41,1000,repeated_fact,correct,3,1.0
newest-wins-original,synthetic,lalm,41,1000,contradictory_update,correct,3,0.7333333333333334
newest-wins-original,synthetic,lalm,41,1000,boolean,correct,3,0.0
newest-wins-original,synthetic,lalm,41,1000,goal,correct,3,0.5333333333333333
newest-wins-original,synthetic,lalm,41,1000,response_style,correct,3,0.6
newest-wins-original,synthetic,lalm,41,1000,temporal,correct,3,0.8666666666666667
newest-wins-original,synthetic,lalm,41,1000,multi_fact,correct,3,0.0
newest-wins-original,synthetic,lalm,41,1000,paraphrase,correct,3,0.7333333333333334
newest-wins-original,synthetic,lalm,41,5000,all,correct,3,0.6533333333333333
newest-wins-original,synthetic,lalm,41,5000,stable_fact,correct,3,0.9333333333333333
newest-wins-original,synthetic,lalm,41,5000,correction,correct,3,0.9333333333333333
newest-wins-original,synthetic,lalm,41,5000,repeated_fact,correct,3,1.0
newest-wins-original,synthetic,lalm,41,5000,contradictory_update,correct,3,1.0
newest-wins-original,synthetic,lalm,41,5000,boolean,correct,3,0.0
newest-wins-original,synthetic,lalm,41,5000,goal,correct,3,0.6
newest-wins-original,synthetic,lalm,41,5000,response_style,correct,3,0.7333333333333333
newest-wins-original,synthetic,lalm,41,5000,temporal,correct,3,0.4
newest-wins-original,synthetic,lalm,41,5000,multi_fact,correct,3,0.0
newest-wins-original,synthetic,lalm,41,5000,paraphrase,correct,3,0.9333333333333333
newest-wins-original,locomo,lalm,23,,all,token_f1_diagnostic,1,0.16552443174897574
newest-wins-original,locomo,lalm,23,,category-2,token_f1_diagnostic,1,0.1933992539132726
newest-wins-original,locomo,lalm,23,,all,correct,1,0.05740181268882175
newest-wins-original,locomo,lalm,23,,category-2,correct,1,0.01557632398753894
newest-wins-original,locomo,lalm,23,,all,locomo_official_qa_score,1,0.2976740900084155
newest-wins-original,locomo,lalm,23,,category-2,locomo_official_qa_score,1,0.19766002327849497
newest-wins-original,locomo,lalm,23,,category-3,token_f1_diagnostic,1,0.029138795232545235
newest-wins-original,locomo,lalm,23,,category-3,correct,1,0.0
newest-wins-original,locomo,lalm,23,,category-3,locomo_official_qa_score,1,0.03788287886004604
newest-wins-original,locomo,lalm,23,,category-1,token_f1_diagnostic,1,0.15640161530355465
newest-wins-original,locomo,lalm,23,,category-1,correct,1,0.01773049645390071
newest-wins-original,locomo,lalm,23,,category-1,locomo_official_qa_score,1,0.14397370701641915
newest-wins-original,locomo,lalm,23,,category-4,token_f1_diagnostic,1,0.26010437703850003
newest-wins-original,locomo,lalm,23,,category-4,correct,1,0.12366230677764566
newest-wins-original,locomo,lalm,23,,category-4,locomo_official_qa_score,1,0.25980325033902696
newest-wins-original,locomo,lalm,23,,category-5,token_f1_diagnostic,1,0.002242152466367713
newest-wins-original,locomo,lalm,23,,category-5,correct,1,0.0
newest-wins-original,locomo,lalm,23,,category-5,locomo_official_qa_score,1,0.594170403587444
newest-wins-original,locomo,lalm,41,,all,token_f1_diagnostic,1,0.17174716180747807
newest-wins-original,locomo,lalm,41,,category-2,token_f1_diagnostic,1,0.1907987305183567
newest-wins-original,locomo,lalm,41,,all,correct,1,0.0689828801611279
newest-wins-original,locomo,lalm,41,,category-2,correct,1,0.01557632398753894
newest-wins-original,locomo,lalm,41,,all,locomo_official_qa_score,1,0.321214331909063
newest-wins-original,locomo,lalm,41,,category-2,locomo_official_qa_score,1,0.19463895398474837
newest-wins-original,locomo,lalm,41,,category-3,token_f1_diagnostic,1,0.07999699952824953
newest-wins-original,locomo,lalm,41,,category-3,correct,1,0.052083333333333336
newest-wins-original,locomo,lalm,41,,category-3,locomo_official_qa_score,1,0.09683394464073977
newest-wins-original,locomo,lalm,41,,category-1,token_f1_diagnostic,1,0.17001349058957366
newest-wins-original,locomo,lalm,41,,category-1,correct,1,0.02127659574468085
newest-wins-original,locomo,lalm,41,,category-1,locomo_official_qa_score,1,0.15347115837468361
newest-wins-original,locomo,lalm,41,,category-4,token_f1_diagnostic,1,0.2654220624878564
newest-wins-original,locomo,lalm,41,,category-4,correct,1,0.14387633769322236
newest-wins-original,locomo,lalm,41,,category-4,locomo_official_qa_score,1,0.26977126467910006
newest-wins-original,locomo,lalm,41,,category-5,token_f1_diagnostic,1,0.002242152466367713
newest-wins-original,locomo,lalm,41,,category-5,correct,1,0.0
newest-wins-original,locomo,lalm,41,,category-5,locomo_official_qa_score,1,0.6636771300448431
newest-wins-original,longmemeval,lalm,23,,all,token_f1_diagnostic,1,0.17432621921944866
newest-wins-original,longmemeval,lalm,23,,single-session-user,token_f1_diagnostic,1,0.5969049765388438
newest-wins-original,longmemeval,lalm,23,,all,correct,1,0.11555555555555555
newest-wins-original,longmemeval,lalm,23,,single-session-user,correct,1,0.5
newest-wins-original,longmemeval,lalm,23,,multi-session,token_f1_diagnostic,1,0.05951508647300783
newest-wins-original,longmemeval,lalm,23,,multi-session,correct,1,0.03007518796992481
newest-wins-original,longmemeval,lalm,23,,single-session-preference,token_f1_diagnostic,1,0.046301279520818917
newest-wins-original,longmemeval,lalm,23,,single-session-preference,correct,1,0.0
newest-wins-original,longmemeval,lalm,23,,temporal-reasoning,token_f1_diagnostic,1,0.0912453355442819
newest-wins-original,longmemeval,lalm,23,,temporal-reasoning,correct,1,0.05263157894736842
newest-wins-original,longmemeval,lalm,23,,knowledge-update,token_f1_diagnostic,1,0.2697347973663763
newest-wins-original,longmemeval,lalm,23,,knowledge-update,correct,1,0.1794871794871795
newest-wins-original,longmemeval,lalm,23,,single-session-assistant,token_f1_diagnostic,1,0.4290930430263137
newest-wins-original,longmemeval,lalm,23,,single-session-assistant,correct,1,0.30357142857142855
newest-wins-original,locomo,lalm,13,,all,token_f1_diagnostic,1,0.1826694200276852
newest-wins-original,locomo,lalm,13,,category-2,token_f1_diagnostic,1,0.17702866534642236
newest-wins-original,locomo,lalm,13,,all,correct,1,0.07401812688821752
newest-wins-original,locomo,lalm,13,,category-2,correct,1,0.012461059190031152
newest-wins-original,locomo,lalm,13,,all,locomo_official_qa_score,1,0.32468218273157035
newest-wins-original,locomo,lalm,13,,category-2,locomo_official_qa_score,1,0.18142873049415106
newest-wins-original,locomo,lalm,13,,category-3,token_f1_diagnostic,1,0.030638985861025335
newest-wins-original,locomo,lalm,13,,category-3,correct,1,0.010416666666666666
newest-wins-original,locomo,lalm,13,,category-3,locomo_official_qa_score,1,0.042030975050276524
newest-wins-original,locomo,lalm,13,,category-1,token_f1_diagnostic,1,0.17096302228491164
newest-wins-original,locomo,lalm,13,,category-1,correct,1,0.031914893617021274
newest-wins-original,locomo,lalm,13,,category-1,locomo_official_qa_score,1,0.15289450991385928
newest-wins-original,locomo,lalm,13,,category-4,token_f1_diagnostic,1,0.30297544788558584
newest-wins-original,locomo,lalm,13,,category-4,correct,1,0.1581450653983353
newest-wins-original,locomo,lalm,13,,category-4,locomo_official_qa_score,1,0.3084767740971955
newest-wins-original,locomo,lalm,13,,category-5,token_f1_diagnostic,1,0.0
newest-wins-original,locomo,lalm,13,,category-5,correct,1,0.0
newest-wins-original,locomo,lalm,13,,category-5,locomo_official_qa_score,1,0.6278026905829597
newest-wins-cue_free,synthetic,lalm,41,1000,all,correct,3,0.5
newest-wins-cue_free,synthetic,lalm,41,1000,stable_fact,correct,3,0.9333333333333333
newest-wins-cue_free,synthetic,lalm,41,1000,correction,correct,3,0.0
newest-wins-cue_free,synthetic,lalm,41,1000,repeated_fact,correct,3,1.0
newest-wins-cue_free,synthetic,lalm,41,1000,contradictory_update,correct,3,0.06666666666666667
newest-wins-cue_free,synthetic,lalm,41,1000,boolean,correct,3,0.0
newest-wins-cue_free,synthetic,lalm,41,1000,goal,correct,3,0.5333333333333333
newest-wins-cue_free,synthetic,lalm,41,1000,response_style,correct,3,0.8666666666666667
newest-wins-cue_free,synthetic,lalm,41,1000,temporal,correct,3,0.8666666666666667
newest-wins-cue_free,synthetic,lalm,41,1000,multi_fact,correct,3,0.0
newest-wins-cue_free,synthetic,lalm,41,1000,paraphrase,correct,3,0.7333333333333334
newest-wins-cue_free,synthetic,lalm,41,5000,all,correct,3,0.5
newest-wins-cue_free,synthetic,lalm,41,5000,stable_fact,correct,3,0.9333333333333333
newest-wins-cue_free,synthetic,lalm,41,5000,correction,correct,3,0.06666666666666667
newest-wins-cue_free,synthetic,lalm,41,5000,repeated_fact,correct,3,1.0
newest-wins-cue_free,synthetic,lalm,41,5000,contradictory_update,correct,3,0.06666666666666667
newest-wins-cue_free,synthetic,lalm,41,5000,boolean,correct,3,0.0
newest-wins-cue_free,synthetic,lalm,41,5000,goal,correct,3,0.6
newest-wins-cue_free,synthetic,lalm,41,5000,response_style,correct,3,1.0
newest-wins-cue_free,synthetic,lalm,41,5000,temporal,correct,3,0.4
newest-wins-cue_free,synthetic,lalm,41,5000,multi_fact,correct,3,0.0
newest-wins-cue_free,synthetic,lalm,41,5000,paraphrase,correct,3,0.9333333333333333
newest-wins-original,locomo,lalm,37,,all,token_f1_diagnostic,1,0.20302866811387038
newest-wins-original,locomo,lalm,37,,category-2,token_f1_diagnostic,1,0.1936796646298204
newest-wins-original,locomo,lalm,37,,all,correct,1,0.07250755287009064
newest-wins-original,locomo,lalm,37,,category-2,correct,1,0.024922118380062305
newest-wins-original,locomo,lalm,37,,all,locomo_official_qa_score,1,0.20400800046117576
newest-wins-original,locomo,lalm,37,,category-2,locomo_official_qa_score,1,0.19581219493856633
newest-wins-original,locomo,lalm,37,,category-3,token_f1_diagnostic,1,0.1621308103834292
newest-wins-original,locomo,lalm,37,,category-3,correct,1,0.08333333333333333
newest-wins-original,locomo,lalm,37,,category-3,locomo_official_qa_score,1,0.1903852233647692
newest-wins-original,locomo,lalm,37,,category-1,token_f1_diagnostic,1,0.20606538947513514
newest-wins-original,locomo,lalm,37,,category-1,correct,1,0.02127659574468085
newest-wins-original,locomo,lalm,37,,category-1,locomo_official_qa_score,1,0.19422334401125824
newest-wins-original,locomo,lalm,37,,category-4,token_f1_diagnostic,1,0.3167286146244672
newest-wins-original,locomo,lalm,37,,category-4,correct,1,0.14387633769322236
newest-wins-original,locomo,lalm,37,,category-4,locomo_official_qa_score,1,0.31183853732035977
newest-wins-original,locomo,lalm,37,,category-5,token_f1_diagnostic,1,0.002242152466367713
newest-wins-original,locomo,lalm,37,,category-5,correct,1,0.002242152466367713
newest-wins-original,locomo,lalm,37,,category-5,locomo_official_qa_score,1,0.01569506726457399
newest-wins-original,synthetic,lalm,37,100,all,correct,3,0.7166666666666667
newest-wins-original,synthetic,lalm,37,100,stable_fact,correct,3,1.0
newest-wins-original,synthetic,lalm,37,100,correction,correct,3,0.4
newest-wins-original,synthetic,lalm,37,100,repeated_fact,correct,3,1.0
newest-wins-original,synthetic,lalm,37,100,contradictory_update,correct,3,0.4666666666666667
newest-wins-original,synthetic,lalm,37,100,boolean,correct,3,0.5333333333333333
newest-wins-original,synthetic,lalm,37,100,goal,correct,3,0.9666666666666667
newest-wins-original,synthetic,lalm,37,100,response_style,correct,3,0.9
newest-wins-original,synthetic,lalm,37,100,temporal,correct,3,0.9
newest-wins-original,synthetic,lalm,37,100,multi_fact,correct,3,0.0
newest-wins-original,synthetic,lalm,37,100,paraphrase,correct,3,1.0
newest-wins-original,synthetic,lalm,37,500,all,correct,3,0.6444444444444445
newest-wins-original,synthetic,lalm,37,500,stable_fact,correct,3,1.0
newest-wins-original,synthetic,lalm,37,500,correction,correct,3,0.2916666666666667
newest-wins-original,synthetic,lalm,37,500,repeated_fact,correct,3,1.0
newest-wins-original,synthetic,lalm,37,500,contradictory_update,correct,3,0.375
newest-wins-original,synthetic,lalm,37,500,boolean,correct,3,0.4166666666666667
newest-wins-original,synthetic,lalm,37,500,goal,correct,3,1.0
newest-wins-original,synthetic,lalm,37,500,response_style,correct,3,0.6190476190476191
newest-wins-original,synthetic,lalm,37,500,temporal,correct,3,0.8095238095238095
newest-wins-original,synthetic,lalm,37,500,multi_fact,correct,3,0.0
newest-wins-original,synthetic,lalm,37,500,paraphrase,correct,3,0.9523809523809523
newest-wins-original,synthetic,lalm,37,1000,all,correct,3,0.7333333333333333
newest-wins-original,synthetic,lalm,37,1000,stable_fact,correct,3,1.0
newest-wins-original,synthetic,lalm,37,1000,correction,correct,3,0.6
newest-wins-original,synthetic,lalm,37,1000,repeated_fact,correct,3,1.0
newest-wins-original,synthetic,lalm,37,1000,contradictory_update,correct,3,0.7333333333333334
newest-wins-original,synthetic,lalm,37,1000,boolean,correct,3,0.6666666666666666
newest-wins-original,synthetic,lalm,37,1000,goal,correct,3,1.0
newest-wins-original,synthetic,lalm,37,1000,response_style,correct,3,0.5333333333333333
newest-wins-original,synthetic,lalm,37,1000,temporal,correct,3,0.8
newest-wins-original,synthetic,lalm,37,1000,multi_fact,correct,3,0.0
newest-wins-original,synthetic,lalm,37,1000,paraphrase,correct,3,1.0
newest-wins-original,synthetic,lalm,37,5000,all,correct,3,0.7466666666666667
newest-wins-original,synthetic,lalm,37,5000,stable_fact,correct,3,1.0
newest-wins-original,synthetic,lalm,37,5000,correction,correct,3,0.5333333333333333
newest-wins-original,synthetic,lalm,37,5000,repeated_fact,correct,3,1.0
newest-wins-original,synthetic,lalm,37,5000,contradictory_update,correct,3,0.7333333333333334
newest-wins-original,synthetic,lalm,37,5000,boolean,correct,3,0.6
newest-wins-original,synthetic,lalm,37,5000,goal,correct,3,0.9333333333333333
newest-wins-original,synthetic,lalm,37,5000,response_style,correct,3,0.7333333333333333
newest-wins-original,synthetic,lalm,37,5000,temporal,correct,3,0.9333333333333333
newest-wins-original,synthetic,lalm,37,5000,multi_fact,correct,3,0.0
newest-wins-original,synthetic,lalm,37,5000,paraphrase,correct,3,1.0
newest-wins-original,synthetic,lalm,23,100,all,correct,3,0.7333333333333333
newest-wins-original,synthetic,lalm,23,100,stable_fact,correct,3,1.0
newest-wins-original,synthetic,lalm,23,100,correction,correct,3,0.9666666666666667
newest-wins-original,synthetic,lalm,23,100,repeated_fact,correct,3,1.0
newest-wins-original,synthetic,lalm,23,100,contradictory_update,correct,3,1.0
newest-wins-original,synthetic,lalm,23,100,boolean,correct,3,0.0
newest-wins-original,synthetic,lalm,23,100,goal,correct,3,0.9333333333333333
newest-wins-original,synthetic,lalm,23,100,response_style,correct,3,0.8
newest-wins-original,synthetic,lalm,23,100,temporal,correct,3,0.7
newest-wins-original,synthetic,lalm,23,100,multi_fact,correct,3,0.0
newest-wins-original,synthetic,lalm,23,100,paraphrase,correct,3,0.9333333333333333
newest-wins-original,synthetic,lalm,23,500,all,correct,3,0.6844444444444444
newest-wins-original,synthetic,lalm,23,500,stable_fact,correct,3,1.0
newest-wins-original,synthetic,lalm,23,500,correction,correct,3,0.9583333333333334
newest-wins-original,synthetic,lalm,23,500,repeated_fact,correct,3,1.0
newest-wins-original,synthetic,lalm,23,500,contradictory_update,correct,3,0.9166666666666666
newest-wins-original,synthetic,lalm,23,500,boolean,correct,3,0.0
newest-wins-original,synthetic,lalm,23,500,goal,correct,3,0.9523809523809523
newest-wins-original,synthetic,lalm,23,500,response_style,correct,3,0.6190476190476191
newest-wins-original,synthetic,lalm,23,500,temporal,correct,3,0.5238095238095238
newest-wins-original,synthetic,lalm,23,500,multi_fact,correct,3,0.0
newest-wins-original,synthetic,lalm,23,500,paraphrase,correct,3,0.8095238095238095
newest-wins-original,synthetic,lalm,23,1000,all,correct,3,0.66
newest-wins-original,synthetic,lalm,23,1000,stable_fact,correct,3,1.0
newest-wins-original,synthetic,lalm,23,1000,correction,correct,3,1.0
newest-wins-original,synthetic,lalm,23,1000,repeated_fact,correct,3,1.0
newest-wins-original,synthetic,lalm,23,1000,contradictory_update,correct,3,1.0
newest-wins-original,synthetic,lalm,23,1000,boolean,correct,3,0.0
newest-wins-original,synthetic,lalm,23,1000,goal,correct,3,1.0
newest-wins-original,synthetic,lalm,23,1000,response_style,correct,3,0.4
newest-wins-original,synthetic,lalm,23,1000,temporal,correct,3,0.4
newest-wins-original,synthetic,lalm,23,1000,multi_fact,correct,3,0.0
newest-wins-original,synthetic,lalm,23,1000,paraphrase,correct,3,0.8
newest-wins-original,synthetic,lalm,23,5000,all,correct,3,0.7466666666666667
newest-wins-original,synthetic,lalm,23,5000,stable_fact,correct,3,1.0
newest-wins-original,synthetic,lalm,23,5000,correction,correct,3,1.0
newest-wins-original,synthetic,lalm,23,5000,repeated_fact,correct,3,1.0
newest-wins-original,synthetic,lalm,23,5000,contradictory_update,correct,3,1.0
newest-wins-original,synthetic,lalm,23,5000,boolean,correct,3,0.0
newest-wins-original,synthetic,lalm,23,5000,goal,correct,3,1.0
newest-wins-original,synthetic,lalm,23,5000,response_style,correct,3,0.7333333333333333
newest-wins-original,synthetic,lalm,23,5000,temporal,correct,3,0.8
newest-wins-original,synthetic,lalm,23,5000,multi_fact,correct,3,0.0
newest-wins-original,synthetic,lalm,23,5000,paraphrase,correct,3,0.9333333333333333
newest-wins-original,longmemeval,lalm,41,,all,token_f1_diagnostic,1,0.20619958280661205
newest-wins-original,longmemeval,lalm,41,,single-session-user,token_f1_diagnostic,1,0.40690497653884383
newest-wins-original,longmemeval,lalm,41,,all,correct,1,0.13111111111111112
newest-wins-original,longmemeval,lalm,41,,single-session-user,correct,1,0.3
newest-wins-original,longmemeval,lalm,41,,multi-session,token_f1_diagnostic,1,0.12136972306448653
newest-wins-original,longmemeval,lalm,41,,multi-session,correct,1,0.08270676691729323
newest-wins-original,longmemeval,lalm,41,,single-session-preference,token_f1_diagnostic,1,0.044029597386984726
newest-wins-original,longmemeval,lalm,41,,single-session-preference,correct,1,0.0
newest-wins-original,longmemeval,lalm,41,,temporal-reasoning,token_f1_diagnostic,1,0.1304471902316589
newest-wins-original,longmemeval,lalm,41,,temporal-reasoning,correct,1,0.06015037593984962
newest-wins-original,longmemeval,lalm,41,,knowledge-update,token_f1_diagnostic,1,0.32186877450035345
newest-wins-original,longmemeval,lalm,41,,knowledge-update,correct,1,0.21794871794871795
newest-wins-original,longmemeval,lalm,41,,single-session-assistant,token_f1_diagnostic,1,0.4416680523423944
newest-wins-original,longmemeval,lalm,41,,single-session-assistant,correct,1,0.30357142857142855
newest-wins-original,longmemeval,lexical_only,,,all,token_f1_diagnostic,1,0.19149764925295293
newest-wins-original,longmemeval,lexical_only,,,single-session-user,token_f1_diagnostic,1,0.43023830987217715
newest-wins-original,longmemeval,lexical_only,,,all,correct,1,0.12666666666666668
newest-wins-original,longmemeval,lexical_only,,,single-session-user,correct,1,0.3
newest-wins-original,longmemeval,lexical_only,,,multi-session,token_f1_diagnostic,1,0.09703309030366178
newest-wins-original,longmemeval,lexical_only,,,multi-session,correct,1,0.07518796992481203
newest-wins-original,longmemeval,lexical_only,,,single-session-preference,token_f1_diagnostic,1,0.04372324197114607
newest-wins-original,longmemeval,lexical_only,,,single-session-preference,correct,1,0.0
newest-wins-original,longmemeval,lexical_only,,,temporal-reasoning,token_f1_diagnostic,1,0.08710999719841724
newest-wins-original,longmemeval,lexical_only,,,temporal-reasoning,correct,1,0.045112781954887216
newest-wins-original,longmemeval,lexical_only,,,knowledge-update,token_f1_diagnostic,1,0.3539200565516355
newest-wins-original,longmemeval,lexical_only,,,knowledge-update,correct,1,0.23076923076923078
newest-wins-original,longmemeval,lexical_only,,,single-session-assistant,token_f1_diagnostic,1,0.43144077961512173
newest-wins-original,longmemeval,lexical_only,,,single-session-assistant,correct,1,0.30357142857142855
newest-wins-original,locomo,lalm,7,,all,token_f1_diagnostic,1,0.17742912536785377
newest-wins-original,locomo,lalm,7,,category-2,token_f1_diagnostic,1,0.1802097348826321
newest-wins-original,locomo,lalm,7,,all,correct,1,0.07351460221550855
newest-wins-original,locomo,lalm,7,,category-2,correct,1,0.01557632398753894
newest-wins-original,locomo,lalm,7,,all,locomo_official_qa_score,1,0.31644049795845974
newest-wins-original,locomo,lalm,7,,category-2,locomo_official_qa_score,1,0.18333251969865494
newest-wins-original,locomo,lalm,7,,category-3,token_f1_diagnostic,1,0.0552255684470758
newest-wins-original,locomo,lalm,7,,category-3,correct,1,0.03125
newest-wins-original,locomo,lalm,7,,category-3,locomo_official_qa_score,1,0.06912301014101217
newest-wins-original,locomo,lalm,7,,category-1,token_f1_diagnostic,1,0.15894858669507322
newest-wins-original,locomo,lalm,7,,category-1,correct,1,0.028368794326241134
newest-wins-original,locomo,lalm,7,,category-1,locomo_official_qa_score,1,0.13795997748102803
newest-wins-original,locomo,lalm,7,,category-4,token_f1_diagnostic,1,0.2888249251656394
newest-wins-original,locomo,lalm,7,,category-4,correct,1,0.15338882282996433
newest-wins-original,locomo,lalm,7,,category-4,locomo_official_qa_score,1,0.2937699970262137
newest-wins-original,locomo,lalm,7,,category-5,token_f1_diagnostic,1,0.0033632286995515697
newest-wins-original,locomo,lalm,7,,category-5,correct,1,0.002242152466367713
newest-wins-original,locomo,lalm,7,,category-5,locomo_official_qa_score,1,0.6210762331838565
newest-wins-original,longmemeval,lalm,13,,all,token_f1_diagnostic,1,0.20629680627893965
newest-wins-original,longmemeval,lalm,13,,single-session-user,token_f1_diagnostic,1,0.5802383098721772
newest-wins-original,longmemeval,lalm,13,,all,correct,1,0.13555555555555557
newest-wins-original,longmemeval,lalm,13,,single-session-user,correct,1,0.45
newest-wins-original,longmemeval,lalm,13,,multi-session,token_f1_diagnostic,1,0.07127116776682324
newest-wins-original,longmemeval,lalm,13,,multi-session,correct,1,0.05263157894736842
newest-wins-original,longmemeval,lalm,13,,single-session-preference,token_f1_diagnostic,1,0.05220814274147107
newest-wins-original,longmemeval,lalm,13,,single-session-preference,correct,1,0.0
newest-wins-original,longmemeval,lalm,13,,temporal-reasoning,token_f1_diagnostic,1,0.12304020876452705
newest-wins-original,longmemeval,lalm,13,,temporal-reasoning,correct,1,0.05263157894736842
newest-wins-original,longmemeval,lalm,13,,knowledge-update,token_f1_diagnostic,1,0.36767944531102426
newest-wins-original,longmemeval,lalm,13,,knowledge-update,correct,1,0.2564102564102564
newest-wins-original,longmemeval,lalm,13,,single-session-assistant,token_f1_diagnostic,1,0.4489311166590302
newest-wins-original,longmemeval,lalm,13,,single-session-assistant,correct,1,0.32142857142857145
