example_id,agent,bytes
conv-26-qa-0,bounded_rag,733652
conv-26-qa-1,bounded_rag,733652
conv-26-qa-2,bounded_rag,733652
conv-26-qa-3,bounded_rag,733652
conv-26-qa-4,bounded_rag,733652
conv-26-qa-5,bounded_rag,733652
conv-26-qa-6,bounded_rag,733652
conv-26-qa-7,bounded_rag,733652
conv-26-qa-8,bounded_rag,733652
conv-26-qa-9,bounded_rag,733652
conv-26-qa-10,bounded_rag,733652
conv-26-qa-11,bounded_rag,733652
conv-26-qa-12,bounded_rag,733652
conv-26-qa-13,bounded_rag,733652
conv-26-qa-14,bounded_rag,733652
conv-26-qa-15,bounded_rag,733652
conv-26-qa-16,bounded_rag,733652
conv-26-qa-17,bounded_rag,733652
conv-26-qa-18,bounded_rag,733652
conv-26-qa-19,bounded_rag,733652
conv-26-qa-20,bounded_rag,733652
conv-26-qa-21,bounded_rag,733652
conv-26-qa-22,bounded_rag,733652
conv-26-qa-23,bounded_rag,733652
conv-26-qa-24,bounded_rag,733652
conv-26-qa-25,bounded_rag,733652
conv-26-qa-26,bounded_rag,733652
conv-26-qa-27,bounded_rag,733652
conv-26-qa-28,bounded_rag,733652
conv-26-qa-29,bounded_rag,733652
conv-26-qa-30,bounded_rag,733652
conv-26-qa-31,bounded_rag,733652
conv-26-qa-32,bounded_rag,733652
conv-26-qa-33,bounded_rag,733652
conv-26-qa-34,bounded_rag,733652
conv-26-qa-35,bounded_rag,733652
conv-26-qa-36,bounded_rag,733652
conv-26-qa-37,bounded_rag,733652
conv-26-qa-38,bounded_rag,733652
conv-26-qa-39,bounded_rag,733652
conv-26-qa-40,bounded_rag,733652
conv-26-qa-41,bounded_rag,733652
conv-26-qa-42,bounded_rag,733652
conv-26-qa-43,bounded_rag,733652
conv-26-qa-44,bounded_rag,733652
conv-26-qa-45,bounded_rag,733652
conv-26-qa-46,bounded_rag,733652
conv-26-qa-47,bounded_rag,733652
conv-26-qa-48,bounded_rag,733652
conv-26-qa-49,bounded_rag,733652
conv-26-qa-50,bounded_rag,733652
conv-26-qa-51,bounded_rag,733652
conv-26-qa-52,bounded_rag,733652
conv-26-qa-53,bounded_rag,733652
conv-26-qa-54,bounded_rag,733652
conv-26-qa-55,bounded_rag,733652
conv-26-qa-56,bounded_rag,733652
conv-26-qa-57,bounded_rag,733652
conv-26-qa-58,bounded_rag,733652
conv-26-qa-59,bounded_rag,733652
conv-26-qa-60,bounded_rag,733652
conv-26-qa-61,bounded_rag,733652
conv-26-qa-62,bounded_rag,733652
conv-26-qa-63,bounded_rag,733652
conv-26-qa-64,bounded_rag,733652
conv-26-qa-65,bounded_rag,733652
conv-26-qa-66,bounded_rag,733652
conv-26-qa-67,bounded_rag,733652
conv-26-qa-68,bounded_rag,733652
conv-26-qa-69,bounded_rag,733652
conv-26-qa-70,bounded_rag,733652
conv-26-qa-71,bounded_rag,733652
conv-26-qa-72,bounded_rag,733652
conv-26-qa-73,bounded_rag,733652
conv-26-qa-74,bounded_rag,733652
conv-26-qa-75,bounded_rag,733652
conv-26-qa-76,bounded_rag,733652
conv-26-qa-77,bounded_rag,733652
conv-26-qa-78,bounded_rag,733652
conv-26-qa-79,bounded_rag,733652
conv-26-qa-80,bounded_rag,733652
conv-26-qa-81,bounded_rag,733652
conv-26-qa-82,bounded_rag,733652
conv-26-qa-83,bounded_rag,733652
conv-26-qa-84,bounded_rag,733652
conv-26-qa-85,bounded_rag,733652
conv-26-qa-86,bounded_rag,733652
conv-26-qa-87,bounded_rag,733652
conv-26-qa-88,bounded_rag,733652
conv-26-qa-89,bounded_rag,733652
conv-26-qa-90,bounded_rag,733652
conv-26-qa-91,bounded_rag,733652
conv-26-qa-92,bounded_rag,733652
conv-26-qa-93,bounded_rag,733652
conv-26-qa-94,bounded_rag,733652
conv-26-qa-95,bounded_rag,733652
conv-26-qa-96,bounded_rag,733652
conv-26-qa-97,bounded_rag,733652
conv-26-qa-98,bounded_rag,733652
conv-26-qa-99,bounded_rag,733652
conv-26-qa-100,bounded_rag,733652
conv-26-qa-101,bounded_rag,733652
conv-26-qa-102,bounded_rag,733652
conv-26-qa-103,bounded_rag,733652
conv-26-qa-104,bounded_rag,733652
conv-26-qa-105,bounded_rag,733652
conv-26-qa-106,bounded_rag,733652
conv-26-qa-107,bounded_rag,733652
conv-26-qa-108,bounded_rag,733652
conv-26-qa-109,bounded_rag,733652
conv-26-qa-110,bounded_rag,733652
conv-26-qa-111,bounded_rag,733652
conv-26-qa-112,bounded_rag,733652
conv-26-qa-113,bounded_rag,733652
conv-26-qa-114,bounded_rag,733652
conv-26-qa-115,bounded_rag,733652
conv-26-qa-116,bounded_rag,733652
conv-26-qa-117,bounded_rag,733652
conv-26-qa-118,bounded_rag,733652
conv-26-qa-119,bounded_rag,733652
conv-26-qa-120,bounded_rag,733652
conv-26-qa-121,bounded_rag,733652
conv-26-qa-122,bounded_rag,733652
conv-26-qa-123,bounded_rag,733652
conv-26-qa-124,bounded_rag,733652
conv-26-qa-125,bounded_rag,733652
conv-26-qa-126,bounded_rag,733652
conv-26-qa-127,bounded_rag,733652
conv-26-qa-128,bounded_rag,733652
conv-26-qa-129,bounded_rag,733652
conv-26-qa-130,bounded_rag,733652
conv-26-qa-131,bounded_rag,733652
conv-26-qa-132,bounded_rag,733652
conv-26-qa-133,bounded_rag,733652
conv-26-qa-134,bounded_rag,733652
conv-26-qa-135,bounded_rag,733652
conv-26-qa-136,bounded_rag,733652
conv-26-qa-137,bounded_rag,733652
conv-26-qa-138,bounded_rag,733652
conv-26-qa-139,bounded_rag,733652
conv-26-qa-140,bounded_rag,733652
conv-26-qa-141,bounded_rag,733652
conv-26-qa-142,bounded_rag,733652
conv-26-qa-143,bounded_rag,733652
conv-26-qa-144,bounded_rag,733652
conv-26-qa-145,bounded_rag,733652
conv-26-qa-146,bounded_rag,733652
conv-26-qa-147,bounded_rag,733652
conv-26-qa-148,bounded_rag,733652
conv-26-qa-149,bounded_rag,733652
conv-26-qa-150,bounded_rag,733652
conv-26-qa-151,bounded_rag,733652
conv-26-qa-152,bounded_rag,733652
conv-26-qa-153,bounded_rag,733652
conv-26-qa-154,bounded_rag,733652
conv-26-qa-155,bounded_rag,733652
conv-26-qa-156,bounded_rag,733652
conv-26-qa-157,bounded_rag,733652
conv-26-qa-158,bounded_rag,733652
conv-26-qa-159,bounded_rag,733652
conv-26-qa-160,bounded_rag,733652
conv-26-qa-161,bounded_rag,733652
conv-26-qa-162,bounded_rag,733652
conv-26-qa-163,bounded_rag,733652
conv-26-qa-164,bounded_rag,733652
conv-26-qa-165,bounded_rag,733652
conv-26-qa-166,bounded_rag,733652
conv-26-qa-167,bounded_rag,733652
conv-26-qa-168,bounded_rag,733652
conv-26-qa-169,bounded_rag,733652
conv-26-qa-170,bounded_rag,733652
conv-26-qa-171,bounded_rag,733652
conv-26-qa-172,bounded_rag,733652
conv-26-qa-173,bounded_rag,733652
conv-26-qa-174,bounded_rag,733652
conv-26-qa-175,bounded_rag,733652
conv-26-qa-176,bounded_rag,733652
conv-26-qa-177,bounded_rag,733652
conv-26-qa-178,bounded_rag,733652
conv-26-qa-179,bounded_rag,733652
conv-26-qa-180,bounded_rag,733652
conv-26-qa-181,bounded_rag,733652
conv-26-qa-182,bounded_rag,733652
conv-26-qa-183,bounded_rag,733652
conv-26-qa-184,bounded_rag,733652
conv-26-qa-185,bounded_rag,733652
conv-26-qa-186,bounded_rag,733652
conv-26-qa-187,bounded_rag,733652
conv-26-qa-188,bounded_rag,733652
conv-26-qa-189,bounded_rag,733652
conv-26-qa-190,bounded_rag,733652
conv-26-qa-191,bounded_rag,733652
conv-26-qa-192,bounded_rag,733652
conv-26-qa-193,bounded_rag,733652
conv-26-qa-194,bounded_rag,733652
conv-26-qa-195,bounded_rag,733652
conv-26-qa-196,bounded_rag,733652
conv-26-qa-197,bounded_rag,733652
conv-26-qa-198,bounded_rag,733652
conv-30-qa-0,bounded_rag,634798
conv-30-qa-1,bounded_rag,634798
conv-30-qa-2,bounded_rag,634798
conv-30-qa-3,bounded_rag,634798
conv-30-qa-4,bounded_rag,634798
conv-30-qa-5,bounded_rag,634798
conv-30-qa-6,bounded_rag,634798
conv-30-qa-7,bounded_rag,634798
conv-30-qa-8,bounded_rag,634798
conv-30-qa-9,bounded_rag,634798
conv-30-qa-10,bounded_rag,634798
conv-30-qa-11,bounded_rag,634798
conv-30-qa-12,bounded_rag,634798
conv-30-qa-13,bounded_rag,634798
conv-30-qa-14,bounded_rag,634798
conv-30-qa-15,bounded_rag,634798
conv-30-qa-16,bounded_rag,634798
conv-30-qa-17,bounded_rag,634798
conv-30-qa-18,bounded_rag,634798
conv-30-qa-19,bounded_rag,634798
conv-30-qa-20,bounded_rag,634798
conv-30-qa-21,bounded_rag,634798
conv-30-qa-22,bounded_rag,634798
conv-30-qa-23,bounded_rag,634798
conv-30-qa-24,bounded_rag,634798
conv-30-qa-25,bounded_rag,634798
conv-30-qa-26,bounded_rag,634798
conv-30-qa-27,bounded_rag,634798
conv-30-qa-28,bounded_rag,634798
conv-30-qa-29,bounded_rag,634798
conv-30-qa-30,bounded_rag,634798
conv-30-qa-31,bounded_rag,634798
conv-30-qa-32,bounded_rag,634798
conv-30-qa-33,bounded_rag,634798
conv-30-qa-34,bounded_rag,634798
conv-30-qa-35,bounded_rag,634798
conv-30-qa-36,bounded_rag,634798
conv-30-qa-37,bounded_rag,634798
conv-30-qa-38,bounded_rag,634798
conv-30-qa-39,bounded_rag,634798
conv-30-qa-40,bounded_rag,634798
conv-30-qa-41,bounded_rag,634798
conv-30-qa-42,bounded_rag,634798
conv-30-qa-43,bounded_rag,634798
conv-30-qa-44,bounded_rag,634798
conv-30-qa-45,bounded_rag,634798
conv-30-qa-46,bounded_rag,634798
conv-30-qa-47,bounded_rag,634798
conv-30-qa-48,bounded_rag,634798
conv-30-qa-49,bounded_rag,634798
conv-30-qa-50,bounded_rag,634798
conv-30-qa-51,bounded_rag,634798
conv-30-qa-52,bounded_rag,634798
conv-30-qa-53,bounded_rag,634798
conv-30-qa-54,bounded_rag,634798
conv-30-qa-55,bounded_rag,634798
conv-30-qa-56,bounded_rag,634798
conv-30-qa-57,bounded_rag,634798
conv-30-qa-58,bounded_rag,634798
conv-30-qa-59,bounded_rag,634798
conv-30-qa-60,bounded_rag,634798
conv-30-qa-61,bounded_rag,634798
conv-30-qa-62,bounded_rag,634798
conv-30-qa-63,bounded_rag,634798
conv-30-qa-64,bounded_rag,634798
conv-30-qa-65,bounded_rag,634798
conv-30-qa-66,bounded_rag,634798
conv-30-qa-67,bounded_rag,634798
conv-30-qa-68,bounded_rag,634798
conv-30-qa-69,bounded_rag,634798
conv-30-qa-70,bounded_rag,634798
conv-30-qa-71,bounded_rag,634798
conv-30-qa-72,bounded_rag,634798
conv-30-qa-73,bounded_rag,634798
conv-30-qa-74,bounded_rag,634798
conv-30-qa-75,bounded_rag,634798
conv-30-qa-76,bounded_rag,634798
conv-30-qa-77,bounded_rag,634798
conv-30-qa-78,bounded_rag,634798
conv-30-qa-79,bounded_rag,634798
conv-30-qa-80,bounded_rag,634798
conv-30-qa-81,bounded_rag,634798
conv-30-qa-82,bounded_rag,634798
conv-30-qa-83,bounded_rag,634798
conv-30-qa-84,bounded_rag,634798
conv-30-qa-85,bounded_rag,634798
conv-30-qa-86,bounded_rag,634798
conv-30-qa-87,bounded_rag,634798
conv-30-qa-88,bounded_rag,634798
conv-30-qa-89,bounded_rag,634798
conv-30-qa-90,bounded_rag,634798
conv-30-qa-91,bounded_rag,634798
conv-30-qa-92,bounded_rag,634798
conv-30-qa-93,bounded_rag,634798
conv-30-qa-94,bounded_rag,634798
conv-30-qa-95,bounded_rag,634798
conv-30-qa-96,bounded_rag,634798
conv-30-qa-97,bounded_rag,634798
conv-30-qa-98,bounded_rag,634798
conv-30-qa-99,bounded_rag,634798
conv-30-qa-100,bounded_rag,634798
conv-30-qa-101,bounded_rag,634798
conv-30-qa-102,bounded_rag,634798
conv-30-qa-103,bounded_rag,634798
conv-30-qa-104,bounded_rag,634798
conv-41-qa-0,bounded_rag,889487
conv-41-qa-1,bounded_rag,889487
conv-41-qa-2,bounded_rag,889487
conv-41-qa-3,bounded_rag,889487
conv-41-qa-4,bounded_rag,889487
conv-41-qa-5,bounded_rag,889487
conv-41-qa-6,bounded_rag,889487
conv-41-qa-7,bounded_rag,889487
conv-41-qa-8,bounded_rag,889487
conv-41-qa-9,bounded_rag,889487
conv-41-qa-10,bounded_rag,889487
conv-41-qa-11,bounded_rag,889487
conv-41-qa-12,bounded_rag,889487
conv-41-qa-13,bounded_rag,889487
conv-41-qa-14,bounded_rag,889487
conv-41-qa-15,bounded_rag,889487
conv-41-qa-16,bounded_rag,889487
conv-41-qa-17,bounded_rag,889487
conv-41-qa-18,bounded_rag,889487
conv-41-qa-19,bounded_rag,889487
conv-41-qa-20,bounded_rag,889487
conv-41-qa-21,bounded_rag,889487
conv-41-qa-22,bounded_rag,889487
conv-41-qa-23,bounded_rag,889487
conv-41-qa-24,bounded_rag,889487
conv-41-qa-25,bounded_rag,889487
conv-41-qa-26,bounded_rag,889487
conv-41-qa-27,bounded_rag,889487
conv-41-qa-28,bounded_rag,889487
conv-41-qa-29,bounded_rag,889487
conv-41-qa-30,bounded_rag,889487
conv-41-qa-31,bounded_rag,889487
conv-41-qa-32,bounded_rag,889487
conv-41-qa-33,bounded_rag,889487
conv-41-qa-34,bounded_rag,889487
conv-41-qa-35,bounded_rag,889487
conv-41-qa-36,bounded_rag,889487
conv-41-qa-37,bounded_rag,889487
conv-41-qa-38,bounded_rag,889487
conv-41-qa-39,bounded_rag,889487
conv-41-qa-40,bounded_rag,889487
conv-41-qa-41,bounded_rag,889487
conv-41-qa-42,bounded_rag,889487
conv-41-qa-43,bounded_rag,889487
conv-41-qa-44,bounded_rag,889487
conv-41-qa-45,bounded_rag,889487
conv-41-qa-46,bounded_rag,889487
conv-41-qa-47,bounded_rag,889487
conv-41-qa-48,bounded_rag,889487
conv-41-qa-49,bounded_rag,889487
conv-41-qa-50,bounded_rag,889487
conv-41-qa-51,bounded_rag,889487
conv-41-qa-52,bounded_rag,889487
conv-41-qa-53,bounded_rag,889487
conv-41-qa-54,bounded_rag,889487
conv-41-qa-55,bounded_rag,889487
conv-41-qa-56,bounded_rag,889487
conv-41-qa-57,bounded_rag,889487
conv-41-qa-58,bounded_rag,889487
conv-41-qa-59,bounded_rag,889487
conv-41-qa-60,bounded_rag,889487
conv-41-qa-61,bounded_rag,889487
conv-41-qa-62,bounded_rag,889487
conv-41-qa-63,bounded_rag,889487
conv-41-qa-64,bounded_rag,889487
conv-41-qa-65,bounded_rag,889487
conv-41-qa-66,bounded_rag,889487
conv-41-qa-67,bounded_rag,889487
conv-41-qa-68,bounded_rag,889487
conv-41-qa-69,bounded_rag,889487
conv-41-qa-70,bounded_rag,889487
conv-41-qa-71,bounded_rag,889487
conv-41-qa-72,bounded_rag,889487
conv-41-qa-73,bounded_rag,889487
conv-41-qa-74,bounded_rag,889487
conv-41-qa-75,bounded_rag,889487
conv-41-qa-76,bounded_rag,889487
conv-41-qa-77,bounded_rag,889487
conv-41-qa-78,bounded_rag,889487
conv-41-qa-79,bounded_rag,889487
conv-41-qa-80,bounded_rag,889487
conv-41-qa-81,bounded_rag,889487
conv-41-qa-82,bounded_rag,889487
conv-41-qa-83,bounded_rag,889487
conv-41-qa-84,bounded_rag,889487
conv-41-qa-85,bounded_rag,889487
conv-41-qa-86,bounded_rag,889487
conv-41-qa-87,bounded_rag,889487
conv-41-qa-88,bounded_rag,889487
conv-41-qa-89,bounded_rag,889487
conv-41-qa-90,bounded_rag,889487
conv-41-qa-91,bounded_rag,889487
conv-41-qa-92,bounded_rag,889487
conv-41-qa-93,bounded_rag,889487
conv-41-qa-94,bounded_rag,889487
conv-41-qa-95,bounded_rag,889487
conv-41-qa-96,bounded_rag,889487
conv-41-qa-97,bounded_rag,889487
conv-41-qa-98,bounded_rag,889487
conv-41-qa-99,bounded_rag,889487
conv-41-qa-100,bounded_rag,889487
conv-41-qa-101,bounded_rag,889487
conv-41-qa-102,bounded_rag,889487
conv-41-qa-103,bounded_rag,889487
conv-41-qa-104,bounded_rag,889487
conv-41-qa-105,bounded_rag,889487
conv-41-qa-106,bounded_rag,889487
conv-41-qa-107,bounded_rag,889487
conv-41-qa-108,bounded_rag,889487
conv-41-qa-109,bounded_rag,889487
conv-41-qa-110,bounded_rag,889487
conv-41-qa-111,bounded_rag,889487
conv-41-qa-112,bounded_rag,889487
conv-41-qa-113,bounded_rag,889487
conv-41-qa-114,bounded_rag,889487
conv-41-qa-115,bounded_rag,889487
conv-41-qa-116,bounded_rag,889487
conv-41-qa-117,bounded_rag,889487
conv-41-qa-118,bounded_rag,889487
conv-41-qa-119,bounded_rag,889487
conv-41-qa-120,bounded_rag,889487
conv-41-qa-121,bounded_rag,889487
conv-41-qa-122,bounded_rag,889487
conv-41-qa-123,bounded_rag,889487
conv-41-qa-124,bounded_rag,889487
conv-41-qa-125,bounded_rag,889487
conv-41-qa-126,bounded_rag,889487
conv-41-qa-127,bounded_rag,889487
conv-41-qa-128,bounded_rag,889487
conv-41-qa-129,bounded_rag,889487
conv-41-qa-130,bounded_rag,889487
conv-41-qa-131,bounded_rag,889487
conv-41-qa-132,bounded_rag,889487
conv-41-qa-133,bounded_rag,889487
conv-41-qa-134,bounded_rag,889487
conv-41-qa-135,bounded_rag,889487
conv-41-qa-136,bounded_rag,889487
conv-41-qa-137,bounded_rag,889487
conv-41-qa-138,bounded_rag,889487
conv-41-qa-139,bounded_rag,889487
conv-41-qa-140,bounded_rag,889487
conv-41-qa-141,bounded_rag,889487
conv-41-qa-142,bounded_rag,889487
conv-41-qa-143,bounded_rag,889487
conv-41-qa-144,bounded_rag,889487
conv-41-qa-145,bounded_rag,889487
conv-41-qa-146,bounded_rag,889487
conv-41-qa-147,bounded_rag,889487
conv-41-qa-148,bounded_rag,889487
conv-41-qa-149,bounded_rag,889487
conv-41-qa-150,bounded_rag,889487
conv-41-qa-151,bounded_rag,889487
conv-41-qa-152,bounded_rag,889487
conv-41-qa-153,bounded_rag,889487
conv-41-qa-154,bounded_rag,889487
conv-41-qa-155,bounded_rag,889487
conv-41-qa-156,bounded_rag,889487
conv-41-qa-157,bounded_rag,889487
conv-41-qa-158,bounded_rag,889487
conv-41-qa-159,bounded_rag,889487
conv-41-qa-160,bounded_rag,889487
conv-41-qa-161,bounded_rag,889487
conv-41-qa-162,bounded_rag,889487
conv-41-qa-163,bounded_rag,889487
conv-41-qa-164,bounded_rag,889487
conv-41-qa-165,bounded_rag,889487
conv-41-qa-166,bounded_rag,889487
conv-41-qa-167,bounded_rag,889487
conv-41-qa-168,bounded_rag,889487
conv-41-qa-169,bounded_rag,889487
conv-41-qa-170,bounded_rag,889487
conv-41-qa-171,bounded_rag,889487
conv-41-qa-172,bounded_rag,889487
conv-41-qa-173,bounded_rag,889487
conv-41-qa-174,bounded_rag,889487
conv-41-qa-175,bounded_rag,889487
conv-41-qa-176,bounded_rag,889487
conv-41-qa-177,bounded_rag,889487
conv-41-qa-178,bounded_rag,889487
conv-41-qa-179,bounded_rag,889487
conv-41-qa-180,bounded_rag,889487
conv-41-qa-181,bounded_rag,889487
conv-41-qa-182,bounded_rag,889487
conv-41-qa-183,bounded_rag,889487
conv-41-qa-184,bounded_rag,889487
conv-41-qa-185,bounded_rag,889487
conv-41-qa-186,bounded_rag,889487
conv-41-qa-187,bounded_rag,889487
conv-41-qa-188,bounded_rag,889487
conv-41-qa-189,bounded_rag,889487
conv-41-qa-190,bounded_rag,889487
conv-41-qa-191,bounded_rag,889487
conv-41-qa-192,bounded_rag,889487
conv-42-qa-0,bounded_rag,882099
conv-42-qa-1,bounded_rag,882099
conv-42-qa-2,bounded_rag,882099
conv-42-qa-3,bounded_rag,882099
conv-42-qa-4,bounded_rag,882099
conv-42-qa-5,bounded_rag,882099
conv-42-qa-6,bounded_rag,882099
conv-42-qa-7,bounded_rag,882099
conv-42-qa-8,bounded_rag,882099
conv-42-qa-9,bounded_rag,882099
conv-42-qa-10,bounded_rag,882099
conv-42-qa-11,bounded_rag,882099
conv-42-qa-12,bounded_rag,882099
conv-42-qa-13,bounded_rag,882099
conv-42-qa-14,bounded_rag,882099
conv-42-qa-15,bounded_rag,882099
conv-42-qa-16,bounded_rag,882099
conv-42-qa-17,bounded_rag,882099
conv-42-qa-18,bounded_rag,882099
conv-42-qa-19,bounded_rag,882099
conv-42-qa-20,bounded_rag,882099
conv-42-qa-21,bounded_rag,882099
conv-42-qa-22,bounded_rag,882099
conv-42-qa-23,bounded_rag,882099
conv-42-qa-24,bounded_rag,882099
conv-42-qa-25,bounded_rag,882099
conv-42-qa-26,bounded_rag,882099
conv-42-qa-27,bounded_rag,882099
conv-42-qa-28,bounded_rag,882099
conv-42-qa-29,bounded_rag,882099
conv-42-qa-30,bounded_rag,882099
conv-42-qa-31,bounded_rag,882099
conv-42-qa-32,bounded_rag,882099
conv-42-qa-33,bounded_rag,882099
conv-42-qa-34,bounded_rag,882099
conv-42-qa-35,bounded_rag,882099
conv-42-qa-36,bounded_rag,882099
conv-42-qa-37,bounded_rag,882099
conv-42-qa-38,bounded_rag,882099
conv-42-qa-39,bounded_rag,882099
conv-42-qa-40,bounded_rag,882099
conv-42-qa-41,bounded_rag,882099
conv-42-qa-42,bounded_rag,882099
conv-42-qa-43,bounded_rag,882099
conv-42-qa-44,bounded_rag,882099
conv-42-qa-45,bounded_rag,882099
conv-42-qa-46,bounded_rag,882099
conv-42-qa-47,bounded_rag,882099
conv-42-qa-48,bounded_rag,882099
conv-42-qa-49,bounded_rag,882099
conv-42-qa-50,bounded_rag,882099
conv-42-qa-51,bounded_rag,882099
conv-42-qa-52,bounded_rag,882099
conv-42-qa-53,bounded_rag,882099
conv-42-qa-54,bounded_rag,882099
conv-42-qa-55,bounded_rag,882099
conv-42-qa-56,bounded_rag,882099
conv-42-qa-57,bounded_rag,882099
conv-42-qa-58,bounded_rag,882099
conv-42-qa-59,bounded_rag,882099
conv-42-qa-60,bounded_rag,882099
conv-42-qa-61,bounded_rag,882099
conv-42-qa-62,bounded_rag,882099
conv-42-qa-63,bounded_rag,882099
conv-42-qa-64,bounded_rag,882099
conv-42-qa-65,bounded_rag,882099
conv-42-qa-66,bounded_rag,882099
conv-42-qa-67,bounded_rag,882099
conv-42-qa-68,bounded_rag,882099
conv-42-qa-69,bounded_rag,882099
conv-42-qa-70,bounded_rag,882099
conv-42-qa-71,bounded_rag,882099
conv-42-qa-72,bounded_rag,882099
conv-42-qa-73,bounded_rag,882099
conv-42-qa-74,bounded_rag,882099
conv-42-qa-75,bounded_rag,882099
conv-42-qa-76,bounded_rag,882099
conv-42-qa-77,bounded_rag,882099
conv-42-qa-78,bounded_rag,882099
conv-42-qa-79,bounded_rag,882099
conv-42-qa-80,bounded_rag,882099
conv-42-qa-81,bounded_rag,882099
conv-42-qa-82,bounded_rag,882099
conv-42-qa-83,bounded_rag,882099
conv-42-qa-84,bounded_rag,882099
conv-42-qa-85,bounded_rag,882099
conv-42-qa-86,bounded_rag,882099
conv-42-qa-87,bounded_rag,882099
conv-42-qa-88,bounded_rag,882099
conv-42-qa-89,bounded_rag,882099
conv-42-qa-90,bounded_rag,882099
conv-42-qa-91,bounded_rag,882099
conv-42-qa-92,bounded_rag,882099
conv-42-qa-93,bounded_rag,882099
conv-42-qa-94,bounded_rag,882099
conv-42-qa-95,bounded_rag,882099
conv-42-qa-96,bounded_rag,882099
conv-42-qa-97,bounded_rag,882099
conv-42-qa-98,bounded_rag,882099
conv-42-qa-99,bounded_rag,882099
conv-42-qa-100,bounded_rag,882099
conv-42-qa-101,bounded_rag,882099
conv-42-qa-102,bounded_rag,882099
conv-42-qa-103,bounded_rag,882099
conv-42-qa-104,bounded_rag,882099
conv-42-qa-105,bounded_rag,882099
conv-42-qa-106,bounded_rag,882099
conv-42-qa-107,bounded_rag,882099
conv-42-qa-108,bounded_rag,882099
conv-42-qa-109,bounded_rag,882099
conv-42-qa-110,bounded_rag,882099
conv-42-qa-111,bounded_rag,882099
conv-42-qa-112,bounded_rag,882099
conv-42-qa-113,bounded_rag,882099
conv-42-qa-114,bounded_rag,882099
conv-42-qa-115,bounded_rag,882099
conv-42-qa-116,bounded_rag,882099
conv-42-qa-117,bounded_rag,882099
conv-42-qa-118,bounded_rag,882099
conv-42-qa-119,bounded_rag,882099
conv-42-qa-120,bounded_rag,882099
conv-42-qa-121,bounded_rag,882099
conv-42-qa-122,bounded_rag,882099
conv-42-qa-123,bounded_rag,882099
conv-42-qa-124,bounded_rag,882099
conv-42-qa-125,bounded_rag,882099
conv-42-qa-126,bounded_rag,882099
conv-42-qa-127,bounded_rag,882099
conv-42-qa-128,bounded_rag,882099
conv-42-qa-129,bounded_rag,882099
conv-42-qa-130,bounded_rag,882099
conv-42-qa-131,bounded_rag,882099
conv-42-qa-132,bounded_rag,882099
conv-42-qa-133,bounded_rag,882099
conv-42-qa-134,bounded_rag,882099
conv-42-qa-135,bounded_rag,882099
conv-42-qa-136,bounded_rag,882099
conv-42-qa-137,bounded_rag,882099
conv-42-qa-138,bounded_rag,882099
conv-42-qa-139,bounded_rag,882099
conv-42-qa-140,bounded_rag,882099
conv-42-qa-141,bounded_rag,882099
conv-42-qa-142,bounded_rag,882099
conv-42-qa-143,bounded_rag,882099
conv-42-qa-144,bounded_rag,882099
conv-42-qa-145,bounded_rag,882099
conv-42-qa-146,bounded_rag,882099
conv-42-qa-147,bounded_rag,882099
conv-42-qa-148,bounded_rag,882099
conv-42-qa-149,bounded_rag,882099
conv-42-qa-150,bounded_rag,882099
conv-42-qa-151,bounded_rag,882099
conv-42-qa-152,bounded_rag,882099
conv-42-qa-153,bounded_rag,882099
conv-42-qa-154,bounded_rag,882099
conv-42-qa-155,bounded_rag,882099
conv-42-qa-156,bounded_rag,882099
conv-42-qa-157,bounded_rag,882099
conv-42-qa-158,bounded_rag,882099
conv-42-qa-159,bounded_rag,882099
conv-42-qa-160,bounded_rag,882099
conv-42-qa-161,bounded_rag,882099
conv-42-qa-162,bounded_rag,882099
conv-42-qa-163,bounded_rag,882099
conv-42-qa-164,bounded_rag,882099
conv-42-qa-165,bounded_rag,882099
conv-42-qa-166,bounded_rag,882099
conv-42-qa-167,bounded_rag,882099
conv-42-qa-168,bounded_rag,882099
conv-42-qa-169,bounded_rag,882099
conv-42-qa-170,bounded_rag,882099
conv-42-qa-171,bounded_rag,882099
conv-42-qa-172,bounded_rag,882099
conv-42-qa-173,bounded_rag,882099
conv-42-qa-174,bounded_rag,882099
conv-42-qa-175,bounded_rag,882099
conv-42-qa-176,bounded_rag,882099
conv-42-qa-177,bounded_rag,882099
conv-42-qa-178,bounded_rag,882099
conv-42-qa-179,bounded_rag,882099
conv-42-qa-180,bounded_rag,882099
conv-42-qa-181,bounded_rag,882099
conv-42-qa-182,bounded_rag,882099
conv-42-qa-183,bounded_rag,882099
conv-42-qa-184,bounded_rag,882099
conv-42-qa-185,bounded_rag,882099
conv-42-qa-186,bounded_rag,882099
conv-42-qa-187,bounded_rag,882099
conv-42-qa-188,bounded_rag,882099
conv-42-qa-189,bounded_rag,882099
conv-42-qa-190,bounded_rag,882099
conv-42-qa-191,bounded_rag,882099
conv-42-qa-192,bounded_rag,882099
conv-42-qa-193,bounded_rag,882099
conv-42-qa-194,bounded_rag,882099
conv-42-qa-195,bounded_rag,882099
conv-42-qa-196,bounded_rag,882099
conv-42-qa-197,bounded_rag,882099
conv-42-qa-198,bounded_rag,882099
conv-42-qa-199,bounded_rag,882099
conv-42-qa-200,bounded_rag,882099
conv-42-qa-201,bounded_rag,882099
conv-42-qa-202,bounded_rag,882099
conv-42-qa-203,bounded_rag,882099
conv-42-qa-204,bounded_rag,882099
conv-42-qa-205,bounded_rag,882099
conv-42-qa-206,bounded_rag,882099
conv-42-qa-207,bounded_rag,882099
conv-42-qa-208,bounded_rag,882099
conv-42-qa-209,bounded_rag,882099
conv-42-qa-210,bounded_rag,882099
conv-42-qa-211,bounded_rag,882099
conv-42-qa-212,bounded_rag,882099
conv-42-qa-213,bounded_rag,882099
conv-42-qa-214,bounded_rag,882099
conv-42-qa-215,bounded_rag,882099
conv-42-qa-216,bounded_rag,882099
conv-42-qa-217,bounded_rag,882099
conv-42-qa-218,bounded_rag,882099
conv-42-qa-219,bounded_rag,882099
conv-42-qa-220,bounded_rag,882099
conv-42-qa-221,bounded_rag,882099
conv-42-qa-222,bounded_rag,882099
conv-42-qa-223,bounded_rag,882099
conv-42-qa-224,bounded_rag,882099
conv-42-qa-225,bounded_rag,882099
conv-42-qa-226,bounded_rag,882099
conv-42-qa-227,bounded_rag,882099
conv-42-qa-228,bounded_rag,882099
conv-42-qa-229,bounded_rag,882099
conv-42-qa-230,bounded_rag,882099
conv-42-qa-231,bounded_rag,882099
conv-42-qa-232,bounded_rag,882099
conv-42-qa-233,bounded_rag,882099
conv-42-qa-234,bounded_rag,882099
conv-42-qa-235,bounded_rag,882099
conv-42-qa-236,bounded_rag,882099
conv-42-qa-237,bounded_rag,882099
conv-42-qa-238,bounded_rag,882099
conv-42-qa-239,bounded_rag,882099
conv-42-qa-240,bounded_rag,882099
conv-42-qa-241,bounded_rag,882099
conv-42-qa-242,bounded_rag,882099
conv-42-qa-243,bounded_rag,882099
conv-42-qa-244,bounded_rag,882099
conv-42-qa-245,bounded_rag,882099
conv-42-qa-246,bounded_rag,882099
conv-42-qa-247,bounded_rag,882099
conv-42-qa-248,bounded_rag,882099
conv-42-qa-249,bounded_rag,882099
conv-42-qa-250,bounded_rag,882099
conv-42-qa-251,bounded_rag,882099
conv-42-qa-252,bounded_rag,882099
conv-42-qa-253,bounded_rag,882099
conv-42-qa-254,bounded_rag,882099
conv-42-qa-255,bounded_rag,882099
conv-42-qa-256,bounded_rag,882099
conv-42-qa-257,bounded_rag,882099
conv-42-qa-258,bounded_rag,882099
conv-42-qa-259,bounded_rag,882099
conv-43-qa-0,bounded_rag,886933
conv-43-qa-1,bounded_rag,886933
conv-43-qa-2,bounded_rag,886933
conv-43-qa-3,bounded_rag,886933
conv-43-qa-4,bounded_rag,886933
conv-43-qa-5,bounded_rag,886933
conv-43-qa-6,bounded_rag,886933
conv-43-qa-7,bounded_rag,886933
conv-43-qa-8,bounded_rag,886933
conv-43-qa-9,bounded_rag,886933
conv-43-qa-10,bounded_rag,886933
conv-43-qa-11,bounded_rag,886933
conv-43-qa-12,bounded_rag,886933
conv-43-qa-13,bounded_rag,886933
conv-43-qa-14,bounded_rag,886933
conv-43-qa-15,bounded_rag,886933
conv-43-qa-16,bounded_rag,886933
conv-43-qa-17,bounded_rag,886933
conv-43-qa-18,bounded_rag,886933
conv-43-qa-19,bounded_rag,886933
conv-43-qa-20,bounded_rag,886933
conv-43-qa-21,bounded_rag,886933
conv-43-qa-22,bounded_rag,886933
conv-43-qa-23,bounded_rag,886933
conv-43-qa-24,bounded_rag,886933
conv-43-qa-25,bounded_rag,886933
conv-43-qa-26,bounded_rag,886933
conv-43-qa-27,bounded_rag,886933
conv-43-qa-28,bounded_rag,886933
conv-43-qa-29,bounded_rag,886933
conv-43-qa-30,bounded_rag,886933
conv-43-qa-31,bounded_rag,886933
conv-43-qa-32,bounded_rag,886933
conv-43-qa-33,bounded_rag,886933
conv-43-qa-34,bounded_rag,886933
conv-43-qa-35,bounded_rag,886933
conv-43-qa-36,bounded_rag,886933
conv-43-qa-37,bounded_rag,886933
conv-43-qa-38,bounded_rag,886933
conv-43-qa-39,bounded_rag,886933
conv-43-qa-40,bounded_rag,886933
conv-43-qa-41,bounded_rag,886933
conv-43-qa-42,bounded_rag,886933
conv-43-qa-43,bounded_rag,886933
conv-43-qa-44,bounded_rag,886933
conv-43-qa-45,bounded_rag,886933
conv-43-qa-46,bounded_rag,886933
conv-43-qa-47,bounded_rag,886933
conv-43-qa-48,bounded_rag,886933
conv-43-qa-49,bounded_rag,886933
conv-43-qa-50,bounded_rag,886933
conv-43-qa-51,bounded_rag,886933
conv-43-qa-52,bounded_rag,886933
conv-43-qa-53,bounded_rag,886933
conv-43-qa-54,bounded_rag,886933
conv-43-qa-55,bounded_rag,886933
conv-43-qa-56,bounded_rag,886933
conv-43-qa-57,bounded_rag,886933
conv-43-qa-58,bounded_rag,886933
conv-43-qa-59,bounded_rag,886933
conv-43-qa-60,bounded_rag,886933
conv-43-qa-61,bounded_rag,886933
conv-43-qa-62,bounded_rag,886933
conv-43-qa-63,bounded_rag,886933
conv-43-qa-64,bounded_rag,886933
conv-43-qa-65,bounded_rag,886933
conv-43-qa-66,bounded_rag,886933
conv-43-qa-67,bounded_rag,886933
conv-43-qa-68,bounded_rag,886933
conv-43-qa-69,bounded_rag,886933
conv-43-qa-70,bounded_rag,886933
conv-43-qa-71,bounded_rag,886933
conv-43-qa-72,bounded_rag,886933
conv-43-qa-73,bounded_rag,886933
conv-43-qa-74,bounded_rag,886933
conv-43-qa-75,bounded_rag,886933
conv-43-qa-76,bounded_rag,886933
conv-43-qa-77,bounded_rag,886933
conv-43-qa-78,bounded_rag,886933
conv-43-qa-79,bounded_rag,886933
conv-43-qa-80,bounded_rag,886933
conv-43-qa-81,bounded_rag,886933
conv-43-qa-82,bounded_rag,886933
conv-43-qa-83,bounded_rag,886933
conv-43-qa-84,bounded_rag,886933
conv-43-qa-85,bounded_rag,886933
conv-43-qa-86,bounded_rag,886933
conv-43-qa-87,bounded_rag,886933
conv-43-qa-88,bounded_rag,886933
conv-43-qa-89,bounded_rag,886933
conv-43-qa-90,bounded_rag,886933
conv-43-qa-91,bounded_rag,886933
conv-43-qa-92,bounded_rag,886933
conv-43-qa-93,bounded_rag,886933
conv-43-qa-94,bounded_rag,886933
conv-43-qa-95,bounded_rag,886933
conv-43-qa-96,bounded_rag,886933
conv-43-qa-97,bounded_rag,886933
conv-43-qa-98,bounded_rag,886933
conv-43-qa-99,bounded_rag,886933
conv-43-qa-100,bounded_rag,886933
conv-43-qa-101,bounded_rag,886933
conv-43-qa-102,bounded_rag,886933
conv-43-qa-103,bounded_rag,886933
conv-43-qa-104,bounded_rag,886933
conv-43-qa-105,bounded_rag,886933
conv-43-qa-106,bounded_rag,886933
conv-43-qa-107,bounded_rag,886933
conv-43-qa-108,bounded_rag,886933
conv-43-qa-109,bounded_rag,886933
conv-43-qa-110,bounded_rag,886933
conv-43-qa-111,bounded_rag,886933
conv-43-qa-112,bounded_rag,886933
conv-43-qa-113,bounded_rag,886933
conv-43-qa-114,bounded_rag,886933
conv-43-qa-115,bounded_rag,886933
conv-43-qa-116,bounded_rag,886933
conv-43-qa-117,bounded_rag,886933
conv-43-qa-118,bounded_rag,886933
conv-43-qa-119,bounded_rag,886933
conv-43-qa-120,bounded_rag,886933
conv-43-qa-121,bounded_rag,886933
conv-43-qa-122,bounded_rag,886933
conv-43-qa-123,bounded_rag,886933
conv-43-qa-124,bounded_rag,886933
conv-43-qa-125,bounded_rag,886933
conv-43-qa-126,bounded_rag,886933
conv-43-qa-127,bounded_rag,886933
conv-43-qa-128,bounded_rag,886933
conv-43-qa-129,bounded_rag,886933
conv-43-qa-130,bounded_rag,886933
conv-43-qa-131,bounded_rag,886933
conv-43-qa-132,bounded_rag,886933
conv-43-qa-133,bounded_rag,886933
conv-43-qa-134,bounded_rag,886933
conv-43-qa-135,bounded_rag,886933
conv-43-qa-136,bounded_rag,886933
conv-43-qa-137,bounded_rag,886933
conv-43-qa-138,bounded_rag,886933
conv-43-qa-139,bounded_rag,886933
conv-43-qa-140,bounded_rag,886933
conv-43-qa-141,bounded_rag,886933
conv-43-qa-142,bounded_rag,886933
conv-43-qa-143,bounded_rag,886933
conv-43-qa-144,bounded_rag,886933
conv-43-qa-145,bounded_rag,886933
conv-43-qa-146,bounded_rag,886933
conv-43-qa-147,bounded_rag,886933
conv-43-qa-148,bounded_rag,886933
conv-43-qa-149,bounded_rag,886933
conv-43-qa-150,bounded_rag,886933
conv-43-qa-151,bounded_rag,886933
conv-43-qa-152,bounded_rag,886933
conv-43-qa-153,bounded_rag,886933
conv-43-qa-154,bounded_rag,886933
conv-43-qa-155,bounded_rag,886933
conv-43-qa-156,bounded_rag,886933
conv-43-qa-157,bounded_rag,886933
conv-43-qa-158,bounded_rag,886933
conv-43-qa-159,bounded_rag,886933
conv-43-qa-160,bounded_rag,886933
conv-43-qa-161,bounded_rag,886933
conv-43-qa-162,bounded_rag,886933
conv-43-qa-163,bounded_rag,886933
conv-43-qa-164,bounded_rag,886933
conv-43-qa-165,bounded_rag,886933
conv-43-qa-166,bounded_rag,886933
conv-43-qa-167,bounded_rag,886933
conv-43-qa-168,bounded_rag,886933
conv-43-qa-169,bounded_rag,886933
conv-43-qa-170,bounded_rag,886933
conv-43-qa-171,bounded_rag,886933
conv-43-qa-172,bounded_rag,886933
conv-43-qa-173,bounded_rag,886933
conv-43-qa-174,bounded_rag,886933
conv-43-qa-175,bounded_rag,886933
conv-43-qa-176,bounded_rag,886933
conv-43-qa-177,bounded_rag,886933
conv-43-qa-178,bounded_rag,886933
conv-43-qa-179,bounded_rag,886933
conv-43-qa-180,bounded_rag,886933
conv-43-qa-181,bounded_rag,886933
conv-43-qa-182,bounded_rag,886933
conv-43-qa-183,bounded_rag,886933
conv-43-qa-184,bounded_rag,886933
conv-43-qa-185,bounded_rag,886933
conv-43-qa-186,bounded_rag,886933
conv-43-qa-187,bounded_rag,886933
conv-43-qa-188,bounded_rag,886933
conv-43-qa-189,bounded_rag,886933
conv-43-qa-190,bounded_rag,886933
conv-43-qa-191,bounded_rag,886933
conv-43-qa-192,bounded_rag,886933
conv-43-qa-193,bounded_rag,886933
conv-43-qa-194,bounded_rag,886933
conv-43-qa-195,bounded_rag,886933
conv-43-qa-196,bounded_rag,886933
conv-43-qa-197,bounded_rag,886933
conv-43-qa-198,bounded_rag,886933
conv-43-qa-199,bounded_rag,886933
conv-43-qa-200,bounded_rag,886933
conv-43-qa-201,bounded_rag,886933
conv-43-qa-202,bounded_rag,886933
conv-43-qa-203,bounded_rag,886933
conv-43-qa-204,bounded_rag,886933
conv-43-qa-205,bounded_rag,886933
conv-43-qa-206,bounded_rag,886933
conv-43-qa-207,bounded_rag,886933
conv-43-qa-208,bounded_rag,886933
conv-43-qa-209,bounded_rag,886933
conv-43-qa-210,bounded_rag,886933
conv-43-qa-211,bounded_rag,886933
conv-43-qa-212,bounded_rag,886933
conv-43-qa-213,bounded_rag,886933
conv-43-qa-214,bounded_rag,886933
conv-43-qa-215,bounded_rag,886933
conv-43-qa-216,bounded_rag,886933
conv-43-qa-217,bounded_rag,886933
conv-43-qa-218,bounded_rag,886933
conv-43-qa-219,bounded_rag,886933
conv-43-qa-220,bounded_rag,886933
conv-43-qa-221,bounded_rag,886933
conv-43-qa-222,bounded_rag,886933
conv-43-qa-223,bounded_rag,886933
conv-43-qa-224,bounded_rag,886933
conv-43-qa-225,bounded_rag,886933
conv-43-qa-226,bounded_rag,886933
conv-43-qa-227,bounded_rag,886933
conv-43-qa-228,bounded_rag,886933
conv-43-qa-229,bounded_rag,886933
conv-43-qa-230,bounded_rag,886933
conv-43-qa-231,bounded_rag,886933
conv-43-qa-232,bounded_rag,886933
conv-43-qa-233,bounded_rag,886933
conv-43-qa-234,bounded_rag,886933
conv-43-qa-235,bounded_rag,886933
conv-43-qa-236,bounded_rag,886933
conv-43-qa-237,bounded_rag,886933
conv-43-qa-238,bounded_rag,886933
conv-43-qa-239,bounded_rag,886933
conv-43-qa-240,bounded_rag,886933
conv-43-qa-241,bounded_rag,886933
conv-44-qa-0,bounded_rag,886665
conv-44-qa-1,bounded_rag,886665
conv-44-qa-2,bounded_rag,886665
conv-44-qa-3,bounded_rag,886665
conv-44-qa-4,bounded_rag,886665
conv-44-qa-5,bounded_rag,886665
conv-44-qa-6,bounded_rag,886665
conv-44-qa-7,bounded_rag,886665
conv-44-qa-8,bounded_rag,886665
conv-44-qa-9,bounded_rag,886665
conv-44-qa-10,bounded_rag,886665
conv-44-qa-11,bounded_rag,886665
conv-44-qa-12,bounded_rag,886665
conv-44-qa-13,bounded_rag,886665
conv-44-qa-14,bounded_rag,886665
conv-44-qa-15,bounded_rag,886665
conv-44-qa-16,bounded_rag,886665
conv-44-qa-17,bounded_rag,886665
conv-44-qa-18,bounded_rag,886665
conv-44-qa-19,bounded_rag,886665
conv-44-qa-20,bounded_rag,886665
conv-44-qa-21,bounded_rag,886665
conv-44-qa-22,bounded_rag,886665
conv-44-qa-23,bounded_rag,886665
conv-44-qa-24,bounded_rag,886665
conv-44-qa-25,bounded_rag,886665
conv-44-qa-26,bounded_rag,886665
conv-44-qa-27,bounded_rag,886665
conv-44-qa-28,bounded_rag,886665
conv-44-qa-29,bounded_rag,886665
conv-44-qa-30,bounded_rag,886665
conv-44-qa-31,bounded_rag,886665
conv-44-qa-32,bounded_rag,886665
conv-44-qa-33,bounded_rag,886665
conv-44-qa-34,bounded_rag,886665
conv-44-qa-35,bounded_rag,886665
conv-44-qa-36,bounded_rag,886665
conv-44-qa-37,bounded_rag,886665
conv-44-qa-38,bounded_rag,886665
conv-44-qa-39,bounded_rag,886665
conv-44-qa-40,bounded_rag,886665
conv-44-qa-41,bounded_rag,886665
conv-44-qa-42,bounded_rag,886665
conv-44-qa-43,bounded_rag,886665
conv-44-qa-44,bounded_rag,886665
conv-44-qa-45,bounded_rag,886665
conv-44-qa-46,bounded_rag,886665
conv-44-qa-47,bounded_rag,886665
conv-44-qa-48,bounded_rag,886665
conv-44-qa-49,bounded_rag,886665
conv-44-qa-50,bounded_rag,886665
conv-44-qa-51,bounded_rag,886665
conv-44-qa-52,bounded_rag,886665
conv-44-qa-53,bounded_rag,886665
conv-44-qa-54,bounded_rag,886665
conv-44-qa-55,bounded_rag,886665
conv-44-qa-56,bounded_rag,886665
conv-44-qa-57,bounded_rag,886665
conv-44-qa-58,bounded_rag,886665
conv-44-qa-59,bounded_rag,886665
conv-44-qa-60,bounded_rag,886665
conv-44-qa-61,bounded_rag,886665
conv-44-qa-62,bounded_rag,886665
conv-44-qa-63,bounded_rag,886665
conv-44-qa-64,bounded_rag,886665
conv-44-qa-65,bounded_rag,886665
conv-44-qa-66,bounded_rag,886665
conv-44-qa-67,bounded_rag,886665
conv-44-qa-68,bounded_rag,886665
conv-44-qa-69,bounded_rag,886665
conv-44-qa-70,bounded_rag,886665
conv-44-qa-71,bounded_rag,886665
conv-44-qa-72,bounded_rag,886665
conv-44-qa-73,bounded_rag,886665
conv-44-qa-74,bounded_rag,886665
conv-44-qa-75,bounded_rag,886665
conv-44-qa-76,bounded_rag,886665
conv-44-qa-77,bounded_rag,886665
conv-44-qa-78,bounded_rag,886665
conv-44-qa-79,bounded_rag,886665
conv-44-qa-80,bounded_rag,886665
conv-44-qa-81,bounded_rag,886665
conv-44-qa-82,bounded_rag,886665
conv-44-qa-83,bounded_rag,886665
conv-44-qa-84,bounded_rag,886665
conv-44-qa-85,bounded_rag,886665
conv-44-qa-86,bounded_rag,886665
conv-44-qa-87,bounded_rag,886665
conv-44-qa-88,bounded_rag,886665
conv-44-qa-89,bounded_rag,886665
conv-44-qa-90,bounded_rag,886665
conv-44-qa-91,bounded_rag,886665
conv-44-qa-92,bounded_rag,886665
conv-44-qa-93,bounded_rag,886665
conv-44-qa-94,bounded_rag,886665
conv-44-qa-95,bounded_rag,886665
conv-44-qa-96,bounded_rag,886665
conv-44-qa-97,bounded_rag,886665
conv-44-qa-98,bounded_rag,886665
conv-44-qa-99,bounded_rag,886665
conv-44-qa-100,bounded_rag,886665
conv-44-qa-101,bounded_rag,886665
conv-44-qa-102,bounded_rag,886665
conv-44-qa-103,bounded_rag,886665
conv-44-qa-104,bounded_rag,886665
conv-44-qa-105,bounded_rag,886665
conv-44-qa-106,bounded_rag,886665
conv-44-qa-107,bounded_rag,886665
conv-44-qa-108,bounded_rag,886665
conv-44-qa-109,bounded_rag,886665
conv-44-qa-110,bounded_rag,886665
conv-44-qa-111,bounded_rag,886665
conv-44-qa-112,bounded_rag,886665
conv-44-qa-113,bounded_rag,886665
conv-44-qa-114,bounded_rag,886665
conv-44-qa-115,bounded_rag,886665
conv-44-qa-116,bounded_rag,886665
conv-44-qa-117,bounded_rag,886665
conv-44-qa-118,bounded_rag,886665
conv-44-qa-119,bounded_rag,886665
conv-44-qa-120,bounded_rag,886665
conv-44-qa-121,bounded_rag,886665
conv-44-qa-122,bounded_rag,886665
conv-44-qa-123,bounded_rag,886665
conv-44-qa-124,bounded_rag,886665
conv-44-qa-125,bounded_rag,886665
conv-44-qa-126,bounded_rag,886665
conv-44-qa-127,bounded_rag,886665
conv-44-qa-128,bounded_rag,886665
conv-44-qa-129,bounded_rag,886665
conv-44-qa-130,bounded_rag,886665
conv-44-qa-131,bounded_rag,886665
conv-44-qa-132,bounded_rag,886665
conv-44-qa-133,bounded_rag,886665
conv-44-qa-134,bounded_rag,886665
conv-44-qa-135,bounded_rag,886665
conv-44-qa-136,bounded_rag,886665
conv-44-qa-137,bounded_rag,886665
conv-44-qa-138,bounded_rag,886665
conv-44-qa-139,bounded_rag,886665
conv-44-qa-140,bounded_rag,886665
conv-44-qa-141,bounded_rag,886665
conv-44-qa-142,bounded_rag,886665
conv-44-qa-143,bounded_rag,886665
conv-44-qa-144,bounded_rag,886665
conv-44-qa-145,bounded_rag,886665
conv-44-qa-146,bounded_rag,886665
conv-44-qa-147,bounded_rag,886665
conv-44-qa-148,bounded_rag,886665
conv-44-qa-149,bounded_rag,886665
conv-44-qa-150,bounded_rag,886665
conv-44-qa-151,bounded_rag,886665
conv-44-qa-152,bounded_rag,886665
conv-44-qa-153,bounded_rag,886665
conv-44-qa-154,bounded_rag,886665
conv-44-qa-155,bounded_rag,886665
conv-44-qa-156,bounded_rag,886665
conv-44-qa-157,bounded_rag,886665
conv-47-qa-0,bounded_rag,879265
conv-47-qa-1,bounded_rag,879265
conv-47-qa-2,bounded_rag,879265
conv-47-qa-3,bounded_rag,879265
conv-47-qa-4,bounded_rag,879265
conv-47-qa-5,bounded_rag,879265
conv-47-qa-6,bounded_rag,879265
conv-47-qa-7,bounded_rag,879265
conv-47-qa-8,bounded_rag,879265
conv-47-qa-9,bounded_rag,879265
conv-47-qa-10,bounded_rag,879265
conv-47-qa-11,bounded_rag,879265
conv-47-qa-12,bounded_rag,879265
conv-47-qa-13,bounded_rag,879265
conv-47-qa-14,bounded_rag,879265
conv-47-qa-15,bounded_rag,879265
conv-47-qa-16,bounded_rag,879265
conv-47-qa-17,bounded_rag,879265
conv-47-qa-18,bounded_rag,879265
conv-47-qa-19,bounded_rag,879265
conv-47-qa-20,bounded_rag,879265
conv-47-qa-21,bounded_rag,879265
conv-47-qa-22,bounded_rag,879265
conv-47-qa-23,bounded_rag,879265
conv-47-qa-24,bounded_rag,879265
conv-47-qa-25,bounded_rag,879265
conv-47-qa-26,bounded_rag,879265
conv-47-qa-27,bounded_rag,879265
conv-47-qa-28,bounded_rag,879265
conv-47-qa-29,bounded_rag,879265
conv-47-qa-30,bounded_rag,879265
conv-47-qa-31,bounded_rag,879265
conv-47-qa-32,bounded_rag,879265
conv-47-qa-33,bounded_rag,879265
conv-47-qa-34,bounded_rag,879265
conv-47-qa-35,bounded_rag,879265
conv-47-qa-36,bounded_rag,879265
conv-47-qa-37,bounded_rag,879265
conv-47-qa-38,bounded_rag,879265
conv-47-qa-39,bounded_rag,879265
conv-47-qa-40,bounded_rag,879265
conv-47-qa-41,bounded_rag,879265
conv-47-qa-42,bounded_rag,879265
conv-47-qa-43,bounded_rag,879265
conv-47-qa-44,bounded_rag,879265
conv-47-qa-45,bounded_rag,879265
conv-47-qa-46,bounded_rag,879265
conv-47-qa-47,bounded_rag,879265
conv-47-qa-48,bounded_rag,879265
conv-47-qa-49,bounded_rag,879265
conv-47-qa-50,bounded_rag,879265
conv-47-qa-51,bounded_rag,879265
conv-47-qa-52,bounded_rag,879265
conv-47-qa-53,bounded_rag,879265
conv-47-qa-54,bounded_rag,879265
conv-47-qa-55,bounded_rag,879265
conv-47-qa-56,bounded_rag,879265
conv-47-qa-57,bounded_rag,879265
conv-47-qa-58,bounded_rag,879265
conv-47-qa-59,bounded_rag,879265
conv-47-qa-60,bounded_rag,879265
conv-47-qa-61,bounded_rag,879265
conv-47-qa-62,bounded_rag,879265
conv-47-qa-63,bounded_rag,879265
conv-47-qa-64,bounded_rag,879265
conv-47-qa-65,bounded_rag,879265
conv-47-qa-66,bounded_rag,879265
conv-47-qa-67,bounded_rag,879265
conv-47-qa-68,bounded_rag,879265
conv-47-qa-69,bounded_rag,879265
conv-47-qa-70,bounded_rag,879265
conv-47-qa-71,bounded_rag,879265
conv-47-qa-72,bounded_rag,879265
conv-47-qa-73,bounded_rag,879265
conv-47-qa-74,bounded_rag,879265
conv-47-qa-75,bounded_rag,879265
conv-47-qa-76,bounded_rag,879265
conv-47-qa-77,bounded_rag,879265
conv-47-qa-78,bounded_rag,879265
conv-47-qa-79,bounded_rag,879265
conv-47-qa-80,bounded_rag,879265
conv-47-qa-81,bounded_rag,879265
conv-47-qa-82,bounded_rag,879265
conv-47-qa-83,bounded_rag,879265
conv-47-qa-84,bounded_rag,879265
conv-47-qa-85,bounded_rag,879265
conv-47-qa-86,bounded_rag,879265
conv-47-qa-87,bounded_rag,879265
conv-47-qa-88,bounded_rag,879265
conv-47-qa-89,bounded_rag,879265
conv-47-qa-90,bounded_rag,879265
conv-47-qa-91,bounded_rag,879265
conv-47-qa-92,bounded_rag,879265
conv-47-qa-93,bounded_rag,879265
conv-47-qa-94,bounded_rag,879265
conv-47-qa-95,bounded_rag,879265
conv-47-qa-96,bounded_rag,879265
conv-47-qa-97,bounded_rag,879265
conv-47-qa-98,bounded_rag,879265
conv-47-qa-99,bounded_rag,879265
conv-47-qa-100,bounded_rag,879265
conv-47-qa-101,bounded_rag,879265
conv-47-qa-102,bounded_rag,879265
conv-47-qa-103,bounded_rag,879265
conv-47-qa-104,bounded_rag,879265
conv-47-qa-105,bounded_rag,879265
conv-47-qa-106,bounded_rag,879265
conv-47-qa-107,bounded_rag,879265
conv-47-qa-108,bounded_rag,879265
conv-47-qa-109,bounded_rag,879265
conv-47-qa-110,bounded_rag,879265
conv-47-qa-111,bounded_rag,879265
conv-47-qa-112,bounded_rag,879265
conv-47-qa-113,bounded_rag,879265
conv-47-qa-114,bounded_rag,879265
conv-47-qa-115,bounded_rag,879265
conv-47-qa-116,bounded_rag,879265
conv-47-qa-117,bounded_rag,879265
conv-47-qa-118,bounded_rag,879265
conv-47-qa-119,bounded_rag,879265
conv-47-qa-120,bounded_rag,879265
conv-47-qa-121,bounded_rag,879265
conv-47-qa-122,bounded_rag,879265
conv-47-qa-123,bounded_rag,879265
conv-47-qa-124,bounded_rag,879265
conv-47-qa-125,bounded_rag,879265
conv-47-qa-126,bounded_rag,879265
conv-47-qa-127,bounded_rag,879265
conv-47-qa-128,bounded_rag,879265
conv-47-qa-129,bounded_rag,879265
conv-47-qa-130,bounded_rag,879265
conv-47-qa-131,bounded_rag,879265
conv-47-qa-132,bounded_rag,879265
conv-47-qa-133,bounded_rag,879265
conv-47-qa-134,bounded_rag,879265
conv-47-qa-135,bounded_rag,879265
conv-47-qa-136,bounded_rag,879265
conv-47-qa-137,bounded_rag,879265
conv-47-qa-138,bounded_rag,879265
conv-47-qa-139,bounded_rag,879265
conv-47-qa-140,bounded_rag,879265
conv-47-qa-141,bounded_rag,879265
conv-47-qa-142,bounded_rag,879265
conv-47-qa-143,bounded_rag,879265
conv-47-qa-144,bounded_rag,879265
conv-47-qa-145,bounded_rag,879265
conv-47-qa-146,bounded_rag,879265
conv-47-qa-147,bounded_rag,879265
conv-47-qa-148,bounded_rag,879265
conv-47-qa-149,bounded_rag,879265
conv-47-qa-150,bounded_rag,879265
conv-47-qa-151,bounded_rag,879265
conv-47-qa-152,bounded_rag,879265
conv-47-qa-153,bounded_rag,879265
conv-47-qa-154,bounded_rag,879265
conv-47-qa-155,bounded_rag,879265
conv-47-qa-156,bounded_rag,879265
conv-47-qa-157,bounded_rag,879265
conv-47-qa-158,bounded_rag,879265
conv-47-qa-159,bounded_rag,879265
conv-47-qa-160,bounded_rag,879265
conv-47-qa-161,bounded_rag,879265
conv-47-qa-162,bounded_rag,879265
conv-47-qa-163,bounded_rag,879265
conv-47-qa-164,bounded_rag,879265
conv-47-qa-165,bounded_rag,879265
conv-47-qa-166,bounded_rag,879265
conv-47-qa-167,bounded_rag,879265
conv-47-qa-168,bounded_rag,879265
conv-47-qa-169,bounded_rag,879265
conv-47-qa-170,bounded_rag,879265
conv-47-qa-171,bounded_rag,879265
conv-47-qa-172,bounded_rag,879265
conv-47-qa-173,bounded_rag,879265
conv-47-qa-174,bounded_rag,879265
conv-47-qa-175,bounded_rag,879265
conv-47-qa-176,bounded_rag,879265
conv-47-qa-177,bounded_rag,879265
conv-47-qa-178,bounded_rag,879265
conv-47-qa-179,bounded_rag,879265
conv-47-qa-180,bounded_rag,879265
conv-47-qa-181,bounded_rag,879265
conv-47-qa-182,bounded_rag,879265
conv-47-qa-183,bounded_rag,879265
conv-47-qa-184,bounded_rag,879265
conv-47-qa-185,bounded_rag,879265
conv-47-qa-186,bounded_rag,879265
conv-47-qa-187,bounded_rag,879265
conv-47-qa-188,bounded_rag,879265
conv-47-qa-189,bounded_rag,879265
conv-48-qa-0,bounded_rag,878739
conv-48-qa-1,bounded_rag,878739
conv-48-qa-2,bounded_rag,878739
conv-48-qa-3,bounded_rag,878739
conv-48-qa-4,bounded_rag,878739
conv-48-qa-5,bounded_rag,878739
conv-48-qa-6,bounded_rag,878739
conv-48-qa-7,bounded_rag,878739
conv-48-qa-8,bounded_rag,878739
conv-48-qa-9,bounded_rag,878739
conv-48-qa-10,bounded_rag,878739
conv-48-qa-11,bounded_rag,878739
conv-48-qa-12,bounded_rag,878739
conv-48-qa-13,bounded_rag,878739
conv-48-qa-14,bounded_rag,878739
conv-48-qa-15,bounded_rag,878739
conv-48-qa-16,bounded_rag,878739
conv-48-qa-17,bounded_rag,878739
conv-48-qa-18,bounded_rag,878739
conv-48-qa-19,bounded_rag,878739
conv-48-qa-20,bounded_rag,878739
conv-48-qa-21,bounded_rag,878739
conv-48-qa-22,bounded_rag,878739
conv-48-qa-23,bounded_rag,878739
conv-48-qa-24,bounded_rag,878739
conv-48-qa-25,bounded_rag,878739
conv-48-qa-26,bounded_rag,878739
conv-48-qa-27,bounded_rag,878739
conv-48-qa-28,bounded_rag,878739
conv-48-qa-29,bounded_rag,878739
conv-48-qa-30,bounded_rag,878739
conv-48-qa-31,bounded_rag,878739
conv-48-qa-32,bounded_rag,878739
conv-48-qa-33,bounded_rag,878739
conv-48-qa-34,bounded_rag,878739
conv-48-qa-35,bounded_rag,878739
conv-48-qa-36,bounded_rag,878739
conv-48-qa-37,bounded_rag,878739
conv-48-qa-38,bounded_rag,878739
conv-48-qa-39,bounded_rag,878739
conv-48-qa-40,bounded_rag,878739
conv-48-qa-41,bounded_rag,878739
conv-48-qa-42,bounded_rag,878739
conv-48-qa-43,bounded_rag,878739
conv-48-qa-44,bounded_rag,878739
conv-48-qa-45,bounded_rag,878739
conv-48-qa-46,bounded_rag,878739
conv-48-qa-47,bounded_rag,878739
conv-48-qa-48,bounded_rag,878739
conv-48-qa-49,bounded_rag,878739
conv-48-qa-50,bounded_rag,878739
conv-48-qa-51,bounded_rag,878739
conv-48-qa-52,bounded_rag,878739
conv-48-qa-53,bounded_rag,878739
conv-48-qa-54,bounded_rag,878739
conv-48-qa-55,bounded_rag,878739
conv-48-qa-56,bounded_rag,878739
conv-48-qa-57,bounded_rag,878739
conv-48-qa-58,bounded_rag,878739
conv-48-qa-59,bounded_rag,878739
conv-48-qa-60,bounded_rag,878739
conv-48-qa-61,bounded_rag,878739
conv-48-qa-62,bounded_rag,878739
conv-48-qa-63,bounded_rag,878739
conv-48-qa-64,bounded_rag,878739
conv-48-qa-65,bounded_rag,878739
conv-48-qa-66,bounded_rag,878739
conv-48-qa-67,bounded_rag,878739
conv-48-qa-68,bounded_rag,878739
conv-48-qa-69,bounded_rag,878739
conv-48-qa-70,bounded_rag,878739
conv-48-qa-71,bounded_rag,878739
conv-48-qa-72,bounded_rag,878739
conv-48-qa-73,bounded_rag,878739
conv-48-qa-74,bounded_rag,878739
conv-48-qa-75,bounded_rag,878739
conv-48-qa-76,bounded_rag,878739
conv-48-qa-77,bounded_rag,878739
conv-48-qa-78,bounded_rag,878739
conv-48-qa-79,bounded_rag,878739
conv-48-qa-80,bounded_rag,878739
conv-48-qa-81,bounded_rag,878739
conv-48-qa-82,bounded_rag,878739
conv-48-qa-83,bounded_rag,878739
conv-48-qa-84,bounded_rag,878739
conv-48-qa-85,bounded_rag,878739
conv-48-qa-86,bounded_rag,878739
conv-48-qa-87,bounded_rag,878739
conv-48-qa-88,bounded_rag,878739
conv-48-qa-89,bounded_rag,878739
conv-48-qa-90,bounded_rag,878739
conv-48-qa-91,bounded_rag,878739
conv-48-qa-92,bounded_rag,878739
conv-48-qa-93,bounded_rag,878739
conv-48-qa-94,bounded_rag,878739
conv-48-qa-95,bounded_rag,878739
conv-48-qa-96,bounded_rag,878739
conv-48-qa-97,bounded_rag,878739
conv-48-qa-98,bounded_rag,878739
conv-48-qa-99,bounded_rag,878739
conv-48-qa-100,bounded_rag,878739
conv-48-qa-101,bounded_rag,878739
conv-48-qa-102,bounded_rag,878739
conv-48-qa-103,bounded_rag,878739
conv-48-qa-104,bounded_rag,878739
conv-48-qa-105,bounded_rag,878739
conv-48-qa-106,bounded_rag,878739
conv-48-qa-107,bounded_rag,878739
conv-48-qa-108,bounded_rag,878739
conv-48-qa-109,bounded_rag,878739
conv-48-qa-110,bounded_rag,878739
conv-48-qa-111,bounded_rag,878739
conv-48-qa-112,bounded_rag,878739
conv-48-qa-113,bounded_rag,878739
conv-48-qa-114,bounded_rag,878739
conv-48-qa-115,bounded_rag,878739
conv-48-qa-116,bounded_rag,878739
conv-48-qa-117,bounded_rag,878739
conv-48-qa-118,bounded_rag,878739
conv-48-qa-119,bounded_rag,878739
conv-48-qa-120,bounded_rag,878739
conv-48-qa-121,bounded_rag,878739
conv-48-qa-122,bounded_rag,878739
conv-48-qa-123,bounded_rag,878739
conv-48-qa-124,bounded_rag,878739
conv-48-qa-125,bounded_rag,878739
conv-48-qa-126,bounded_rag,878739
conv-48-qa-127,bounded_rag,878739
conv-48-qa-128,bounded_rag,878739
conv-48-qa-129,bounded_rag,878739
conv-48-qa-130,bounded_rag,878739
conv-48-qa-131,bounded_rag,878739
conv-48-qa-132,bounded_rag,878739
conv-48-qa-133,bounded_rag,878739
conv-48-qa-134,bounded_rag,878739
conv-48-qa-135,bounded_rag,878739
conv-48-qa-136,bounded_rag,878739
conv-48-qa-137,bounded_rag,878739
conv-48-qa-138,bounded_rag,878739
conv-48-qa-139,bounded_rag,878739
conv-48-qa-140,bounded_rag,878739
conv-48-qa-141,bounded_rag,878739
conv-48-qa-142,bounded_rag,878739
conv-48-qa-143,bounded_rag,878739
conv-48-qa-144,bounded_rag,878739
conv-48-qa-145,bounded_rag,878739
conv-48-qa-146,bounded_rag,878739
conv-48-qa-147,bounded_rag,878739
conv-48-qa-148,bounded_rag,878739
conv-48-qa-149,bounded_rag,878739
conv-48-qa-150,bounded_rag,878739
conv-48-qa-151,bounded_rag,878739
conv-48-qa-152,bounded_rag,878739
conv-48-qa-153,bounded_rag,878739
conv-48-qa-154,bounded_rag,878739
conv-48-qa-155,bounded_rag,878739
conv-48-qa-156,bounded_rag,878739
conv-48-qa-157,bounded_rag,878739
conv-48-qa-158,bounded_rag,878739
conv-48-qa-159,bounded_rag,878739
conv-48-qa-160,bounded_rag,878739
conv-48-qa-161,bounded_rag,878739
conv-48-qa-162,bounded_rag,878739
conv-48-qa-163,bounded_rag,878739
conv-48-qa-164,bounded_rag,878739
conv-48-qa-165,bounded_rag,878739
conv-48-qa-166,bounded_rag,878739
conv-48-qa-167,bounded_rag,878739
conv-48-qa-168,bounded_rag,878739
conv-48-qa-169,bounded_rag,878739
conv-48-qa-170,bounded_rag,878739
conv-48-qa-171,bounded_rag,878739
conv-48-qa-172,bounded_rag,878739
conv-48-qa-173,bounded_rag,878739
conv-48-qa-174,bounded_rag,878739
conv-48-qa-175,bounded_rag,878739
conv-48-qa-176,bounded_rag,878739
conv-48-qa-177,bounded_rag,878739
conv-48-qa-178,bounded_rag,878739
conv-48-qa-179,bounded_rag,878739
conv-48-qa-180,bounded_rag,878739
conv-48-qa-181,bounded_rag,878739
conv-48-qa-182,bounded_rag,878739
conv-48-qa-183,bounded_rag,878739
conv-48-qa-184,bounded_rag,878739
conv-48-qa-185,bounded_rag,878739
conv-48-qa-186,bounded_rag,878739
conv-48-qa-187,bounded_rag,878739
conv-48-qa-188,bounded_rag,878739
conv-48-qa-189,bounded_rag,878739
conv-48-qa-190,bounded_rag,878739
conv-48-qa-191,bounded_rag,878739
conv-48-qa-192,bounded_rag,878739
conv-48-qa-193,bounded_rag,878739
conv-48-qa-194,bounded_rag,878739
conv-48-qa-195,bounded_rag,878739
conv-48-qa-196,bounded_rag,878739
conv-48-qa-197,bounded_rag,878739
conv-48-qa-198,bounded_rag,878739
conv-48-qa-199,bounded_rag,878739
conv-48-qa-200,bounded_rag,878739
conv-48-qa-201,bounded_rag,878739
conv-48-qa-202,bounded_rag,878739
conv-48-qa-203,bounded_rag,878739
conv-48-qa-204,bounded_rag,878739
conv-48-qa-205,bounded_rag,878739
conv-48-qa-206,bounded_rag,878739
conv-48-qa-207,bounded_rag,878739
conv-48-qa-208,bounded_rag,878739
conv-48-qa-209,bounded_rag,878739
conv-48-qa-210,bounded_rag,878739
conv-48-qa-211,bounded_rag,878739
conv-48-qa-212,bounded_rag,878739
conv-48-qa-213,bounded_rag,878739
conv-48-qa-214,bounded_rag,878739
conv-48-qa-215,bounded_rag,878739
conv-48-qa-216,bounded_rag,878739
conv-48-qa-217,bounded_rag,878739
conv-48-qa-218,bounded_rag,878739
conv-48-qa-219,bounded_rag,878739
conv-48-qa-220,bounded_rag,878739
conv-48-qa-221,bounded_rag,878739
conv-48-qa-222,bounded_rag,878739
conv-48-qa-223,bounded_rag,878739
conv-48-qa-224,bounded_rag,878739
conv-48-qa-225,bounded_rag,878739
conv-48-qa-226,bounded_rag,878739
conv-48-qa-227,bounded_rag,878739
conv-48-qa-228,bounded_rag,878739
conv-48-qa-229,bounded_rag,878739
conv-48-qa-230,bounded_rag,878739
conv-48-qa-231,bounded_rag,878739
conv-48-qa-232,bounded_rag,878739
conv-48-qa-233,bounded_rag,878739
conv-48-qa-234,bounded_rag,878739
conv-48-qa-235,bounded_rag,878739
conv-48-qa-236,bounded_rag,878739
conv-48-qa-237,bounded_rag,878739
conv-48-qa-238,bounded_rag,878739
conv-49-qa-0,bounded_rag,878032
conv-49-qa-1,bounded_rag,878032
conv-49-qa-2,bounded_rag,878032
conv-49-qa-3,bounded_rag,878032
conv-49-qa-4,bounded_rag,878032
conv-49-qa-5,bounded_rag,878032
conv-49-qa-6,bounded_rag,878032
conv-49-qa-7,bounded_rag,878032
conv-49-qa-8,bounded_rag,878032
conv-49-qa-9,bounded_rag,878032
conv-49-qa-10,bounded_rag,878032
conv-49-qa-11,bounded_rag,878032
conv-49-qa-12,bounded_rag,878032
conv-49-qa-13,bounded_rag,878032
conv-49-qa-14,bounded_rag,878032
conv-49-qa-15,bounded_rag,878032
conv-49-qa-16,bounded_rag,878032
conv-49-qa-17,bounded_rag,878032
conv-49-qa-18,bounded_rag,878032
conv-49-qa-19,bounded_rag,878032
conv-49-qa-20,bounded_rag,878032
conv-49-qa-21,bounded_rag,878032
conv-49-qa-22,bounded_rag,878032
conv-49-qa-23,bounded_rag,878032
conv-49-qa-24,bounded_rag,878032
conv-49-qa-25,bounded_rag,878032
conv-49-qa-26,bounded_rag,878032
conv-49-qa-27,bounded_rag,878032
conv-49-qa-28,bounded_rag,878032
conv-49-qa-29,bounded_rag,878032
conv-49-qa-30,bounded_rag,878032
conv-49-qa-31,bounded_rag,878032
conv-49-qa-32,bounded_rag,878032
conv-49-qa-33,bounded_rag,878032
conv-49-qa-34,bounded_rag,878032
conv-49-qa-35,bounded_rag,878032
conv-49-qa-36,bounded_rag,878032
conv-49-qa-37,bounded_rag,878032
conv-49-qa-38,bounded_rag,878032
conv-49-qa-39,bounded_rag,878032
conv-49-qa-40,bounded_rag,878032
conv-49-qa-41,bounded_rag,878032
conv-49-qa-42,bounded_rag,878032
conv-49-qa-43,bounded_rag,878032
conv-49-qa-44,bounded_rag,878032
conv-49-qa-45,bounded_rag,878032
conv-49-qa-46,bounded_rag,878032
conv-49-qa-47,bounded_rag,878032
conv-49-qa-48,bounded_rag,878032
conv-49-qa-49,bounded_rag,878032
conv-49-qa-50,bounded_rag,878032
conv-49-qa-51,bounded_rag,878032
conv-49-qa-52,bounded_rag,878032
conv-49-qa-53,bounded_rag,878032
conv-49-qa-54,bounded_rag,878032
conv-49-qa-55,bounded_rag,878032
conv-49-qa-56,bounded_rag,878032
conv-49-qa-57,bounded_rag,878032
conv-49-qa-58,bounded_rag,878032
conv-49-qa-59,bounded_rag,878032
conv-49-qa-60,bounded_rag,878032
conv-49-qa-61,bounded_rag,878032
conv-49-qa-62,bounded_rag,878032
conv-49-qa-63,bounded_rag,878032
conv-49-qa-64,bounded_rag,878032
conv-49-qa-65,bounded_rag,878032
conv-49-qa-66,bounded_rag,878032
conv-49-qa-67,bounded_rag,878032
conv-49-qa-68,bounded_rag,878032
conv-49-qa-69,bounded_rag,878032
conv-49-qa-70,bounded_rag,878032
conv-49-qa-71,bounded_rag,878032
conv-49-qa-72,bounded_rag,878032
conv-49-qa-73,bounded_rag,878032
conv-49-qa-74,bounded_rag,878032
conv-49-qa-75,bounded_rag,878032
conv-49-qa-76,bounded_rag,878032
conv-49-qa-77,bounded_rag,878032
conv-49-qa-78,bounded_rag,878032
conv-49-qa-79,bounded_rag,878032
conv-49-qa-80,bounded_rag,878032
conv-49-qa-81,bounded_rag,878032
conv-49-qa-82,bounded_rag,878032
conv-49-qa-83,bounded_rag,878032
conv-49-qa-84,bounded_rag,878032
conv-49-qa-85,bounded_rag,878032
conv-49-qa-86,bounded_rag,878032
conv-49-qa-87,bounded_rag,878032
conv-49-qa-88,bounded_rag,878032
conv-49-qa-89,bounded_rag,878032
conv-49-qa-90,bounded_rag,878032
conv-49-qa-91,bounded_rag,878032
conv-49-qa-92,bounded_rag,878032
conv-49-qa-93,bounded_rag,878032
conv-49-qa-94,bounded_rag,878032
conv-49-qa-95,bounded_rag,878032
conv-49-qa-96,bounded_rag,878032
conv-49-qa-97,bounded_rag,878032
conv-49-qa-98,bounded_rag,878032
conv-49-qa-99,bounded_rag,878032
conv-49-qa-100,bounded_rag,878032
conv-49-qa-101,bounded_rag,878032
conv-49-qa-102,bounded_rag,878032
conv-49-qa-103,bounded_rag,878032
conv-49-qa-104,bounded_rag,878032
conv-49-qa-105,bounded_rag,878032
conv-49-qa-106,bounded_rag,878032
conv-49-qa-107,bounded_rag,878032
conv-49-qa-108,bounded_rag,878032
conv-49-qa-109,bounded_rag,878032
conv-49-qa-110,bounded_rag,878032
conv-49-qa-111,bounded_rag,878032
conv-49-qa-112,bounded_rag,878032
conv-49-qa-113,bounded_rag,878032
conv-49-qa-114,bounded_rag,878032
conv-49-qa-115,bounded_rag,878032
conv-49-qa-116,bounded_rag,878032
conv-49-qa-117,bounded_rag,878032
conv-49-qa-118,bounded_rag,878032
conv-49-qa-119,bounded_rag,878032
conv-49-qa-120,bounded_rag,878032
conv-49-qa-121,bounded_rag,878032
conv-49-qa-122,bounded_rag,878032
conv-49-qa-123,bounded_rag,878032
conv-49-qa-124,bounded_rag,878032
conv-49-qa-125,bounded_rag,878032
conv-49-qa-126,bounded_rag,878032
conv-49-qa-127,bounded_rag,878032
conv-49-qa-128,bounded_rag,878032
conv-49-qa-129,bounded_rag,878032
conv-49-qa-130,bounded_rag,878032
conv-49-qa-131,bounded_rag,878032
conv-49-qa-132,bounded_rag,878032
conv-49-qa-133,bounded_rag,878032
conv-49-qa-134,bounded_rag,878032
conv-49-qa-135,bounded_rag,878032
conv-49-qa-136,bounded_rag,878032
conv-49-qa-137,bounded_rag,878032
conv-49-qa-138,bounded_rag,878032
conv-49-qa-139,bounded_rag,878032
conv-49-qa-140,bounded_rag,878032
conv-49-qa-141,bounded_rag,878032
conv-49-qa-142,bounded_rag,878032
conv-49-qa-143,bounded_rag,878032
conv-49-qa-144,bounded_rag,878032
conv-49-qa-145,bounded_rag,878032
conv-49-qa-146,bounded_rag,878032
conv-49-qa-147,bounded_rag,878032
conv-49-qa-148,bounded_rag,878032
conv-49-qa-149,bounded_rag,878032
conv-49-qa-150,bounded_rag,878032
conv-49-qa-151,bounded_rag,878032
conv-49-qa-152,bounded_rag,878032
conv-49-qa-153,bounded_rag,878032
conv-49-qa-154,bounded_rag,878032
conv-49-qa-155,bounded_rag,878032
conv-49-qa-156,bounded_rag,878032
conv-49-qa-157,bounded_rag,878032
conv-49-qa-158,bounded_rag,878032
conv-49-qa-159,bounded_rag,878032
conv-49-qa-160,bounded_rag,878032
conv-49-qa-161,bounded_rag,878032
conv-49-qa-162,bounded_rag,878032
conv-49-qa-163,bounded_rag,878032
conv-49-qa-164,bounded_rag,878032
conv-49-qa-165,bounded_rag,878032
conv-49-qa-166,bounded_rag,878032
conv-49-qa-167,bounded_rag,878032
conv-49-qa-168,bounded_rag,878032
conv-49-qa-169,bounded_rag,878032
conv-49-qa-170,bounded_rag,878032
conv-49-qa-171,bounded_rag,878032
conv-49-qa-172,bounded_rag,878032
conv-49-qa-173,bounded_rag,878032
conv-49-qa-174,bounded_rag,878032
conv-49-qa-175,bounded_rag,878032
conv-49-qa-176,bounded_rag,878032
conv-49-qa-177,bounded_rag,878032
conv-49-qa-178,bounded_rag,878032
conv-49-qa-179,bounded_rag,878032
conv-49-qa-180,bounded_rag,878032
conv-49-qa-181,bounded_rag,878032
conv-49-qa-182,bounded_rag,878032
conv-49-qa-183,bounded_rag,878032
conv-49-qa-184,bounded_rag,878032
conv-49-qa-185,bounded_rag,878032
conv-49-qa-186,bounded_rag,878032
conv-49-qa-187,bounded_rag,878032
conv-49-qa-188,bounded_rag,878032
conv-49-qa-189,bounded_rag,878032
conv-49-qa-190,bounded_rag,878032
conv-49-qa-191,bounded_rag,878032
conv-49-qa-192,bounded_rag,878032
conv-49-qa-193,bounded_rag,878032
conv-49-qa-194,bounded_rag,878032
conv-49-qa-195,bounded_rag,878032
conv-50-qa-0,bounded_rag,896816
conv-50-qa-1,bounded_rag,896816
conv-50-qa-2,bounded_rag,896816
conv-50-qa-3,bounded_rag,896816
conv-50-qa-4,bounded_rag,896816
conv-50-qa-5,bounded_rag,896816
conv-50-qa-6,bounded_rag,896816
conv-50-qa-7,bounded_rag,896816
conv-50-qa-8,bounded_rag,896816
conv-50-qa-9,bounded_rag,896816
conv-50-qa-10,bounded_rag,896816
conv-50-qa-11,bounded_rag,896816
conv-50-qa-12,bounded_rag,896816
conv-50-qa-13,bounded_rag,896816
conv-50-qa-14,bounded_rag,896816
conv-50-qa-15,bounded_rag,896816
conv-50-qa-16,bounded_rag,896816
conv-50-qa-17,bounded_rag,896816
conv-50-qa-18,bounded_rag,896816
conv-50-qa-19,bounded_rag,896816
conv-50-qa-20,bounded_rag,896816
conv-50-qa-21,bounded_rag,896816
conv-50-qa-22,bounded_rag,896816
conv-50-qa-23,bounded_rag,896816
conv-50-qa-24,bounded_rag,896816
conv-50-qa-25,bounded_rag,896816
conv-50-qa-26,bounded_rag,896816
conv-50-qa-27,bounded_rag,896816
conv-50-qa-28,bounded_rag,896816
conv-50-qa-29,bounded_rag,896816
conv-50-qa-30,bounded_rag,896816
conv-50-qa-31,bounded_rag,896816
conv-50-qa-32,bounded_rag,896816
conv-50-qa-33,bounded_rag,896816
conv-50-qa-34,bounded_rag,896816
conv-50-qa-35,bounded_rag,896816
conv-50-qa-36,bounded_rag,896816
conv-50-qa-37,bounded_rag,896816
conv-50-qa-38,bounded_rag,896816
conv-50-qa-39,bounded_rag,896816
conv-50-qa-40,bounded_rag,896816
conv-50-qa-41,bounded_rag,896816
conv-50-qa-42,bounded_rag,896816
conv-50-qa-43,bounded_rag,896816
conv-50-qa-44,bounded_rag,896816
conv-50-qa-45,bounded_rag,896816
conv-50-qa-46,bounded_rag,896816
conv-50-qa-47,bounded_rag,896816
conv-50-qa-48,bounded_rag,896816
conv-50-qa-49,bounded_rag,896816
conv-50-qa-50,bounded_rag,896816
conv-50-qa-51,bounded_rag,896816
conv-50-qa-52,bounded_rag,896816
conv-50-qa-53,bounded_rag,896816
conv-50-qa-54,bounded_rag,896816
conv-50-qa-55,bounded_rag,896816
conv-50-qa-56,bounded_rag,896816
conv-50-qa-57,bounded_rag,896816
conv-50-qa-58,bounded_rag,896816
conv-50-qa-59,bounded_rag,896816
conv-50-qa-60,bounded_rag,896816
conv-50-qa-61,bounded_rag,896816
conv-50-qa-62,bounded_rag,896816
conv-50-qa-63,bounded_rag,896816
conv-50-qa-64,bounded_rag,896816
conv-50-qa-65,bounded_rag,896816
conv-50-qa-66,bounded_rag,896816
conv-50-qa-67,bounded_rag,896816
conv-50-qa-68,bounded_rag,896816
conv-50-qa-69,bounded_rag,896816
conv-50-qa-70,bounded_rag,896816
conv-50-qa-71,bounded_rag,896816
conv-50-qa-72,bounded_rag,896816
conv-50-qa-73,bounded_rag,896816
conv-50-qa-74,bounded_rag,896816
conv-50-qa-75,bounded_rag,896816
conv-50-qa-76,bounded_rag,896816
conv-50-qa-77,bounded_rag,896816
conv-50-qa-78,bounded_rag,896816
conv-50-qa-79,bounded_rag,896816
conv-50-qa-80,bounded_rag,896816
conv-50-qa-81,bounded_rag,896816
conv-50-qa-82,bounded_rag,896816
conv-50-qa-83,bounded_rag,896816
conv-50-qa-84,bounded_rag,896816
conv-50-qa-85,bounded_rag,896816
conv-50-qa-86,bounded_rag,896816
conv-50-qa-87,bounded_rag,896816
conv-50-qa-88,bounded_rag,896816
conv-50-qa-89,bounded_rag,896816
conv-50-qa-90,bounded_rag,896816
conv-50-qa-91,bounded_rag,896816
conv-50-qa-92,bounded_rag,896816
conv-50-qa-93,bounded_rag,896816
conv-50-qa-94,bounded_rag,896816
conv-50-qa-95,bounded_rag,896816
conv-50-qa-96,bounded_rag,896816
conv-50-qa-97,bounded_rag,896816
conv-50-qa-98,bounded_rag,896816
conv-50-qa-99,bounded_rag,896816
conv-50-qa-100,bounded_rag,896816
conv-50-qa-101,bounded_rag,896816
conv-50-qa-102,bounded_rag,896816
conv-50-qa-103,bounded_rag,896816
conv-50-qa-104,bounded_rag,896816
conv-50-qa-105,bounded_rag,896816
conv-50-qa-106,bounded_rag,896816
conv-50-qa-107,bounded_rag,896816
conv-50-qa-108,bounded_rag,896816
conv-50-qa-109,bounded_rag,896816
conv-50-qa-110,bounded_rag,896816
conv-50-qa-111,bounded_rag,896816
conv-50-qa-112,bounded_rag,896816
conv-50-qa-113,bounded_rag,896816
conv-50-qa-114,bounded_rag,896816
conv-50-qa-115,bounded_rag,896816
conv-50-qa-116,bounded_rag,896816
conv-50-qa-117,bounded_rag,896816
conv-50-qa-118,bounded_rag,896816
conv-50-qa-119,bounded_rag,896816
conv-50-qa-120,bounded_rag,896816
conv-50-qa-121,bounded_rag,896816
conv-50-qa-122,bounded_rag,896816
conv-50-qa-123,bounded_rag,896816
conv-50-qa-124,bounded_rag,896816
conv-50-qa-125,bounded_rag,896816
conv-50-qa-126,bounded_rag,896816
conv-50-qa-127,bounded_rag,896816
conv-50-qa-128,bounded_rag,896816
conv-50-qa-129,bounded_rag,896816
conv-50-qa-130,bounded_rag,896816
conv-50-qa-131,bounded_rag,896816
conv-50-qa-132,bounded_rag,896816
conv-50-qa-133,bounded_rag,896816
conv-50-qa-134,bounded_rag,896816
conv-50-qa-135,bounded_rag,896816
conv-50-qa-136,bounded_rag,896816
conv-50-qa-137,bounded_rag,896816
conv-50-qa-138,bounded_rag,896816
conv-50-qa-139,bounded_rag,896816
conv-50-qa-140,bounded_rag,896816
conv-50-qa-141,bounded_rag,896816
conv-50-qa-142,bounded_rag,896816
conv-50-qa-143,bounded_rag,896816
conv-50-qa-144,bounded_rag,896816
conv-50-qa-145,bounded_rag,896816
conv-50-qa-146,bounded_rag,896816
conv-50-qa-147,bounded_rag,896816
conv-50-qa-148,bounded_rag,896816
conv-50-qa-149,bounded_rag,896816
conv-50-qa-150,bounded_rag,896816
conv-50-qa-151,bounded_rag,896816
conv-50-qa-152,bounded_rag,896816
conv-50-qa-153,bounded_rag,896816
conv-50-qa-154,bounded_rag,896816
conv-50-qa-155,bounded_rag,896816
conv-50-qa-156,bounded_rag,896816
conv-50-qa-157,bounded_rag,896816
conv-50-qa-158,bounded_rag,896816
conv-50-qa-159,bounded_rag,896816
conv-50-qa-160,bounded_rag,896816
conv-50-qa-161,bounded_rag,896816
conv-50-qa-162,bounded_rag,896816
conv-50-qa-163,bounded_rag,896816
conv-50-qa-164,bounded_rag,896816
conv-50-qa-165,bounded_rag,896816
conv-50-qa-166,bounded_rag,896816
conv-50-qa-167,bounded_rag,896816
conv-50-qa-168,bounded_rag,896816
conv-50-qa-169,bounded_rag,896816
conv-50-qa-170,bounded_rag,896816
conv-50-qa-171,bounded_rag,896816
conv-50-qa-172,bounded_rag,896816
conv-50-qa-173,bounded_rag,896816
conv-50-qa-174,bounded_rag,896816
conv-50-qa-175,bounded_rag,896816
conv-50-qa-176,bounded_rag,896816
conv-50-qa-177,bounded_rag,896816
conv-50-qa-178,bounded_rag,896816
conv-50-qa-179,bounded_rag,896816
conv-50-qa-180,bounded_rag,896816
conv-50-qa-181,bounded_rag,896816
conv-50-qa-182,bounded_rag,896816
conv-50-qa-183,bounded_rag,896816
conv-50-qa-184,bounded_rag,896816
conv-50-qa-185,bounded_rag,896816
conv-50-qa-186,bounded_rag,896816
conv-50-qa-187,bounded_rag,896816
conv-50-qa-188,bounded_rag,896816
conv-50-qa-189,bounded_rag,896816
conv-50-qa-190,bounded_rag,896816
conv-50-qa-191,bounded_rag,896816
conv-50-qa-192,bounded_rag,896816
conv-50-qa-193,bounded_rag,896816
conv-50-qa-194,bounded_rag,896816
conv-50-qa-195,bounded_rag,896816
conv-50-qa-196,bounded_rag,896816
conv-50-qa-197,bounded_rag,896816
conv-50-qa-198,bounded_rag,896816
conv-50-qa-199,bounded_rag,896816
conv-50-qa-200,bounded_rag,896816
conv-50-qa-201,bounded_rag,896816
conv-50-qa-202,bounded_rag,896816
conv-50-qa-203,bounded_rag,896816
