stage,training_seed,horizon,agent,examples,accuracy,official_score,diagnostic_token_f1,diagnostic_exact_match,locomo_official_qa_score
synthetic_eval_11,23,100,lalm,100,0.72,,,,
synthetic_eval_11,23,100,pure_liquid,100,0.15,,,,
synthetic_eval_11,23,500,lalm,75,0.6933333333333334,,,,
synthetic_eval_11,23,500,pure_liquid,75,0.14666666666666667,,,,
synthetic_eval_11,23,1000,lalm,50,0.62,,,,
synthetic_eval_11,23,1000,pure_liquid,50,0.16,,,,
synthetic_eval_11,23,5000,lalm,50,0.66,,,,
synthetic_eval_11,23,5000,pure_liquid,50,0.16,,,,
synthetic_eval_13,23,100,lalm,100,0.74,,,,
synthetic_eval_13,23,100,pure_liquid,100,0.15,,,,
synthetic_eval_13,23,500,lalm,75,0.6666666666666666,,,,
synthetic_eval_13,23,500,pure_liquid,75,0.14666666666666667,,,,
synthetic_eval_13,23,1000,lalm,50,0.7,,,,
synthetic_eval_13,23,1000,pure_liquid,50,0.16,,,,
synthetic_eval_13,23,5000,lalm,50,0.64,,,,
synthetic_eval_13,23,5000,pure_liquid,50,0.16,,,,
synthetic_eval_17,23,100,lalm,100,0.74,,,,
synthetic_eval_17,23,100,pure_liquid,100,0.15,,,,
synthetic_eval_17,23,500,lalm,75,0.6933333333333334,,,,
synthetic_eval_17,23,500,pure_liquid,75,0.14666666666666667,,,,
synthetic_eval_17,23,1000,lalm,50,0.68,,,,
synthetic_eval_17,23,1000,pure_liquid,50,0.16,,,,
synthetic_eval_17,23,5000,lalm,50,0.62,,,,
synthetic_eval_17,23,5000,pure_liquid,50,0.16,,,,
prefix_1000_eval_11,23,1000,lexical_only,50,0.64,,,,
prefix_1000_eval_11,23,1000,lalm_zero_prefix,50,0.72,,,,
prefix_1000_eval_11,23,1000,lalm_random_prefix,50,0.66,,,,
prefix_1000_eval_11,23,1000,lalm_permuted_prefix,50,0.5,,,,
prefix_1000_eval_11,23,1000,lalm,50,0.62,,,,
prefix_1000_eval_13,23,1000,lexical_only,50,0.72,,,,
prefix_1000_eval_13,23,1000,lalm_zero_prefix,50,0.64,,,,
prefix_1000_eval_13,23,1000,lalm_random_prefix,50,0.64,,,,
prefix_1000_eval_13,23,1000,lalm_permuted_prefix,50,0.54,,,,
prefix_1000_eval_13,23,1000,lalm,50,0.7,,,,
prefix_1000_eval_17,23,1000,lexical_only,50,0.66,,,,
prefix_1000_eval_17,23,1000,lalm_zero_prefix,50,0.74,,,,
prefix_1000_eval_17,23,1000,lalm_random_prefix,50,0.64,,,,
prefix_1000_eval_17,23,1000,lalm_permuted_prefix,50,0.5,,,,
prefix_1000_eval_17,23,1000,lalm,50,0.68,,,,
prefix_5000_eval_11,23,5000,lexical_only,50,0.68,,,,
prefix_5000_eval_11,23,5000,lalm_zero_prefix,50,0.7,,,,
prefix_5000_eval_11,23,5000,lalm_random_prefix,50,0.68,,,,
prefix_5000_eval_11,23,5000,lalm_permuted_prefix,50,0.54,,,,
prefix_5000_eval_11,23,5000,lalm,50,0.66,,,,
prefix_5000_eval_13,23,5000,lexical_only,50,0.64,,,,
prefix_5000_eval_13,23,5000,lalm_zero_prefix,50,0.68,,,,
prefix_5000_eval_13,23,5000,lalm_random_prefix,50,0.62,,,,
prefix_5000_eval_13,23,5000,lalm_permuted_prefix,50,0.5,,,,
prefix_5000_eval_13,23,5000,lalm,50,0.64,,,,
prefix_5000_eval_17,23,5000,lexical_only,50,0.64,,,,
prefix_5000_eval_17,23,5000,lalm_zero_prefix,50,0.64,,,,
prefix_5000_eval_17,23,5000,lalm_random_prefix,50,0.52,,,,
prefix_5000_eval_17,23,5000,lalm_permuted_prefix,50,0.52,,,,
prefix_5000_eval_17,23,5000,lalm,50,0.62,,,,
longmemeval,23,,lalm,450,,,0.17210399699722642,0.11333333333333333,
longmemeval,23,,pure_liquid,450,,,0.09066964141809343,0.057777777777777775,
locomo,23,,lalm,1986,,,0.16342355317255322,0.05639476334340383,0.29082107950078906
locomo,23,,pure_liquid,1986,,,0.0390003118954183,0.015609264853977844,0.05275552944796473
