agent,question_type,accuracy
lalm,boolean,0.0
lalm,contradictory_update,1.0
lalm,correction,0.9642857142857143
lalm,goal,0.9259259259259259
lalm,multi_fact,0.0
lalm,paraphrase,0.8518518518518519
lalm,repeated_fact,1.0
lalm,response_style,0.48148148148148145
lalm,stable_fact,1.0
lalm,temporal,0.7037037037037037
pure_liquid,boolean,0.5357142857142857
pure_liquid,contradictory_update,0.0
pure_liquid,correction,0.0
pure_liquid,goal,0.0
pure_liquid,multi_fact,0.0
pure_liquid,paraphrase,0.0
pure_liquid,repeated_fact,0.0
pure_liquid,response_style,1.0
pure_liquid,stable_fact,0.0
pure_liquid,temporal,0.0
